,clouds,date,humidity,temp,type,visibility,windSpeed,zipcode,day_of_week,is_weekend_False,is_weekend_True,month,season_fall,season_spring,season_summer,season_winter,part_of_day_afternoon,part_of_day_evening,part_of_day_morning,part_of_day_night,weatherCond_Clear,weatherCond_Clouds,weatherCond_Fog,weatherCond_Haze,weatherCond_Rain,weatherCond_Smoke,weatherCond_Snow,weatherCond_Thunderstorm
CFDB9498-809D-4232-8281-9E7CA354D59B,40,2018-12-01T17:27:45.102Z,55,42.0,0,10.0,4.0,10923,5,1,0,12,0,0,0,1,1,0,0,0,0,1,0,0,0,0,0,0
2A429A89-2491-4082-9622-D06E370D091A,20,2018-06-26T21:35:35.489Z,46,75.0,0,10.0,11.0,10923,1,1,0,6,0,0,1,0,0,1,0,0,0,1,0,0,0,0,0,0
4F20435C-DF07-4D4E-BF43-BE54C4A967F6,40,2018-07-29T23:47:46.745Z,42,79.0,0,10.0,2.0,10901,6,0,1,7,0,0,1,0,0,0,0,1,0,1,0,0,0,0,0,0
4A1A66D3-53DE-491F-B1FC-7E12CE4FC35E,40,2018-07-14T20:26:08.310Z,40,88.0,0,10.0,4.0,10954,5,1,0,7,0,0,1,0,0,1,0,0,0,1,0,0,0,0,0,0
B9F9226B-3048-4954-830C-52D0524B7415,1,2018-07-02T10:49:06.384Z,94,72.0,0,3.0,2.0,10977,0,1,0,7,0,0,1,0,0,0,1,0,0,0,0,0,1,0,0,0
0A7AAD40-E2E0-48D4-A59D-C435744663BD,20,2018-05-02T21:48:45.189Z,35,73.0,0,10.0,5.0,95113,2,1,0,5,0,1,0,0,0,1,0,0,0,1,0,0,0,0,0,0
1DC4BEF2-664B-45F7-B6A5-2C6B51B41FEF,75,2018-05-01T15:15:32.550Z,76,50.0,0,10.0,6.0,95113,1,1,0,5,0,1,0,0,1,0,0,0,0,0,0,0,1,0,0,0
B314AD96-0826-4A24-8410-22E266144CA1,90,2018-08-13T12:47:46.350Z,94,71.0,0,9.0,5.0,10923,0,1,0,8,0,0,1,0,1,0,0,0,0,0,0,0,1,0,0,0
C8164FB1-DFA9-4DD0-88F9-CEBF156FCF38,40,2018-06-15T18:22:45.137Z,40,72.0,0,10.0,5.0,10901,4,1,0,6,0,0,1,0,0,1,0,0,0,1,0,0,0,0,0,0
5b0dcc40-680b-11e8-b79d-bf818eb3fc0d,75,2018-06-04T15:24:21.637Z,77,58.0,0,10.0,9.0,10701,0,1,0,6,0,0,1,0,1,0,0,0,0,0,0,0,1,0,0,0
A4738CE3-31CB-4ED5-92C3-221622C6AB13,90,2018-05-16T10:26:51.260Z,100,59.0,0,8.0,3.0,10923,2,1,0,5,0,1,0,0,0,0,1,0,0,0,0,0,1,0,0,0
7F333C71-DB92-4CB2-B7F5-5FF27D3D6154,90,2018-07-23T13:06:57.276Z,100,74.0,0,5.0,8.0,7114,0,1,0,7,0,0,1,0,1,0,0,0,0,0,0,0,1,0,0,0
D84175CE-DAAA-40FC-9AF4-9E2E528C0999,1,2018-03-28T14:31:43.812Z,82,59.0,0,10.0,8.0,34117,2,1,0,3,0,1,0,0,1,0,0,0,1,0,0,0,0,0,0,0
68F4BF4B-11B8-485D-AC58-3F131C14F527,20,2018-08-23T19:24:22.283Z,41,76.0,0,10.0,9.0,10954,3,1,0,8,0,0,1,0,0,1,0,0,0,1,0,0,0,0,0,0
91178ECC-84A5-41E0-A438-F210F77A1F8A,20,2018-07-18T11:02:07.410Z,82,65.0,0,10.0,12.0,10923,2,1,0,7,0,0,1,0,0,0,1,0,0,0,0,0,1,0,0,0
6ca3ae80-6086-11e7-be36-e17cbde4202e,90,2017-07-04T07:00:12.265Z,94,61.0,0,10.0,5.0,94103,1,1,0,7,0,0,1,0,0,0,1,0,0,1,0,0,0,0,0,0
AEFE8FBA-7D4D-4540-8575-852A5CA81953,90,2018-06-23T17:12:33.706Z,72,64.0,0,10.0,6.0,10956,5,1,0,6,0,0,1,0,1,0,0,0,0,0,0,0,1,0,0,0
f7bbe250-64d4-11e8-b9fa-c5edf29718b7,75,2018-05-31T13:17:28.693Z,82,65.0,0,10.0,7.0,10701,3,1,0,5,0,1,0,0,1,0,0,0,0,0,0,0,1,0,0,0
73161280-6086-11e7-be36-e17cbde4202e,90,2017-07-04T07:00:23.080Z,94,61.0,0,10.0,5.0,94103,1,1,0,7,0,0,1,0,0,0,1,0,0,1,0,0,0,0,0,0
6232A15C-A14D-4F6B-BF99-540C8C2CC3C0,40,2018-07-29T23:47:46.846Z,42,79.0,0,10.0,2.0,10901,6,0,1,7,0,0,1,0,0,0,0,1,0,1,0,0,0,0,0,0
bca64ed0-9879-11e7-ac22-4bf203978489,90,2017-09-13T11:50:28.157Z,100,57.0,0,0.0,2.0,10927,2,1,0,9,1,0,0,0,0,0,1,0,0,1,0,0,0,0,0,0
4E0664F7-9A7D-4B8B-BC07-AE9E2C011FA4,75,2018-08-02T18:30:53.873Z,69,83.0,0,10.0,10.0,10923,3,1,0,8,0,0,1,0,0,1,0,0,0,0,0,0,1,0,0,0
E7196991-1A2B-40C3-857B-00A076505AD6,1,2018-05-08T11:30:31.692Z,87,51.0,0,10.0,4.0,10923,1,1,0,5,0,1,0,0,0,0,1,0,0,0,1,0,0,0,0,0
ECDC89E8-12FF-4212-B312-2C05FCD80B7C,40,2018-09-05T22:22:25.077Z,21,100.0,0,10.0,4.0,85044,2,1,0,9,1,0,0,0,0,1,0,0,0,1,0,0,0,0,0,0
D1003A14-02AD-4EB2-8D71-2C7E260AFC15,20,2018-06-12T17:01:03.783Z,40,72.0,0,10.0,11.0,10923,1,1,0,6,0,0,1,0,1,0,0,0,0,1,0,0,0,0,0,0
7B250E85-9B8F-49A3-AA57-BB71C354FDE9,40,2018-04-05T20:01:18.509Z,58,84.0,0,10.0,13.0,34117,3,1,0,4,0,1,0,0,0,1,0,0,0,1,0,0,0,0,0,0
E8C298E9-36DC-4749-8347-41BF5E426481,90,2018-06-24T14:41:03.712Z,93,66.0,0,1.0,4.0,10923,6,0,1,6,0,0,1,0,1,0,0,0,0,0,0,0,1,0,0,0
B543A78D-0392-4FBA-80CC-B7DFEC9C2593,20,2018-05-02T21:48:44.682Z,35,73.0,0,10.0,5.0,95113,2,1,0,5,0,1,0,0,0,1,0,0,0,1,0,0,0,0,0,0
ac39c200-6086-11e7-be36-e17cbde4202e,90,2017-07-04T07:01:58.944Z,94,61.0,0,10.0,5.0,94103,1,1,0,7,0,0,1,0,0,0,1,0,0,1,0,0,0,0,0,0
CEE6A9B7-DAF7-4DE0-8B21-21DC4A0CCFAB,75,2018-05-15T11:58:33.212Z,100,64.0,0,3.0,6.0,10923,1,1,0,5,0,1,0,0,0,0,1,0,0,0,0,0,1,0,0,0
06C101F9-0816-4BD6-91FB-0C12E0CB88F9,75,2018-01-22T20:59:58.253Z,87,44.0,0,4.0,10.0,10956,0,1,0,1,0,0,0,1,0,1,0,0,0,0,1,0,0,0,0,0
D24AFE64-196C-418A-AD3A-62218A1666E9,90,2018-11-03T02:44:27.658Z,93,64.0,0,3.0,5.0,10308,5,1,0,11,1,0,0,0,0,0,0,1,0,0,0,0,1,0,0,0
12D3ADF7-90B1-440D-9FE3-76ECB8401850,90,2018-03-31T13:00:11.810Z,94,71.0,0,10.0,4.0,34117,5,1,0,3,0,1,0,0,1,0,0,0,0,1,0,0,0,0,0,0
B21714A4-BD63-4BA2-9296-65C466681513,1,2018-05-30T04:11:13.758Z,83,70.0,0,10.0,2.0,10901,2,1,0,5,0,1,0,0,0,0,0,1,1,0,0,0,0,0,0,0
D194FF16-CC7A-4BCA-8AFD-D70A84C246FD,1,2018-03-29T10:38:58.200Z,82,64.0,0,10.0,4.0,34117,3,1,0,3,0,1,0,0,0,0,1,0,1,0,0,0,0,0,0,0
2F9BF478-1669-41BE-AD0A-E4EBE8A966C2,1,2018-06-02T20:59:09.569Z,51,83.0,0,10.0,9.0,11709,5,1,0,6,0,0,1,0,0,1,0,0,0,0,0,0,1,0,0,0
F162FFA7-2E02-42DB-A6B9-84070C1FCC96,40,2018-04-28T15:02:36.658Z,82,56.0,0,15.0,3.0,10923,5,1,0,4,0,1,0,0,1,0,0,0,0,0,0,1,0,0,0,0
C16F1D68-D49F-4A7E-AC66-98B1348DF6CC,1,2018-06-02T20:59:32.398Z,51,83.0,0,10.0,9.0,11709,5,1,0,6,0,0,1,0,0,1,0,0,0,0,0,0,1,0,0,0
105B7B0D-95E7-4304-BD58-D99A18836384,40,2018-09-06T17:59:58.953Z,55,90.0,0,10.0,5.0,7677,3,1,0,9,1,0,0,0,1,0,0,0,0,0,0,0,0,0,0,1
093A1154-E38F-4D24-B643-50E36588B240,1,2018-06-02T20:28:45.029Z,58,83.0,0,10.0,9.0,10954,5,1,0,6,0,0,1,0,0,1,0,0,1,0,0,0,0,0,0,0
8B18091D-3011-44DC-A371-32B51A5CFE8A,1,2018-07-31T11:06:11.451Z,83,65.0,0,9.0,4.0,10923,1,1,0,7,0,0,1,0,0,0,1,0,0,0,1,0,0,0,0,0
936B6F50-C045-4F03-BB12-9A75F5AA5BD1,90,2018-06-21T00:41:29.827Z,57,75.0,0,10.0,5.0,10901,3,1,0,6,0,0,1,0,0,0,0,1,0,1,0,0,0,0,0,0
EDEE9208-A97E-4A5E-B3EB-0F192911A7C2,75,2018-08-11T15:39:17.010Z,88,71.0,0,10.0,3.0,10923,5,1,0,8,0,0,1,0,1,0,0,0,0,0,1,0,0,0,0,0
72443B91-220D-440E-980A-CB3858C4FA05,20,2018-05-11T16:50:06.378Z,39,64.0,0,10.0,6.0,10923,4,1,0,5,0,1,0,0,1,0,0,0,0,1,0,0,0,0,0,0
C090D841-AB30-4F26-98C0-AFE83BDC3295,1,2018-06-09T15:12:19.152Z,44,74.0,0,10.0,5.0,10901,5,1,0,6,0,0,1,0,1,0,0,0,1,0,0,0,0,0,0,0
14AFB1F7-E18A-4C82-9420-82F7BFD7BC3F,75,2018-08-04T18:33:21.487Z,78,81.0,0,10.0,3.0,10923,5,1,0,8,0,0,1,0,0,1,0,0,0,1,0,0,0,0,0,0
9d9da1b0-7225-11e8-93e6-631041867dec,5,2018-06-17T11:57:31.887Z,68,64.0,0,20.0,3.0,10701,6,0,1,6,0,0,1,0,0,0,1,0,1,0,0,0,0,0,0,0
456087B9-A98C-430C-B9E5-D93F368AD181,75,2018-06-24T19:10:30.047Z,61,80.0,0,10.0,6.0,7652,6,0,1,6,0,0,1,0,0,1,0,0,0,0,0,0,1,0,0,0
EFF322BF-E76D-47F1-B3CD-7842B7D2594C,1,2018-08-26T15:23:38.879Z,42,74.0,0,10.0,6.0,80202,6,0,1,8,0,0,1,0,1,0,0,0,1,0,0,0,0,0,0,0
B3026E08-0066-43B0-8732-00836BD2BBC7,75,2018-05-02T19:01:15.012Z,14,87.0,0,10.0,20.0,10901,2,1,0,5,0,1,0,0,0,1,0,0,0,1,0,0,0,0,0,0
3824DBE0-5974-48EB-B221-AC7C6A5B8121,75,2018-09-19T16:23:01.583Z,66,77.0,0,10.0,8.0,10954,2,1,0,9,1,0,0,0,1,0,0,0,0,1,0,0,0,0,0,0
AF333F70-B40F-45DC-983A-E004C8A80DA4,1,2018-06-02T20:59:29.089Z,51,83.0,0,10.0,9.0,11709,5,1,0,6,0,0,1,0,0,1,0,0,0,0,0,0,1,0,0,0
e6f43cc0-805d-11e8-8569-11e7df984271,40,2018-07-05T14:15:43.020Z,69,80.0,0,10.0,9.0,10701,3,1,0,7,0,0,1,0,1,0,0,0,0,0,0,0,1,0,0,0
13B9E73B-4541-4789-929A-28F7FA875B51,20,2018-05-29T23:30:33.315Z,65,83.0,0,10.0,9.0,10989,1,1,0,5,0,1,0,0,0,0,0,1,0,1,0,0,0,0,0,0
3B507B37-32E4-4EC8-AFE8-143DE5867FA9,1,2018-07-13T15:09:57.121Z,44,79.0,0,10.0,3.0,7677,4,1,0,7,0,0,1,0,1,0,0,0,1,0,0,0,0,0,0,0
E23A5EAA-800F-44B6-B25B-9B8F27345010,90,2018-06-28T12:49:29.218Z,94,70.0,0,3.0,6.0,10923,3,1,0,6,0,0,1,0,1,0,0,0,0,0,0,0,1,0,0,0
a974d970-45b3-11e8-a7f6-539171a92877,1,2018-04-21T22:30:57.948Z,22,59.0,0,10.0,13.0,10701,5,1,0,4,0,1,0,0,0,1,0,0,1,0,0,0,0,0,0,0
7277494A-72E2-4133-9AE0-F457D3DAD677,1,2018-06-16T13:19:57.510Z,60,67.0,0,10.0,4.0,10927,5,1,0,6,0,0,1,0,1,0,0,0,1,0,0,0,0,0,0,0
E5899720-FA64-47F1-8FCD-74D46D863E8F,75,2018-03-30T19:22:57.115Z,61,83.0,0,10.0,11.0,34102,4,1,0,3,0,1,0,0,0,1,0,0,0,1,0,0,0,0,0,0
73F14A86-FCF7-4E96-9074-322E52CCB75D,75,2019-01-03T21:45:31.569Z,68,25.0,0,6.0,14.0,05-831,3,1,0,1,0,0,0,1,0,1,0,0,0,1,0,0,0,0,0,0
9B9D6CF9-2511-4FB2-8C6B-A5316C46A870,1,2018-06-29T14:11:06.162Z,61,79.0,0,10.0,6.0,10923,4,1,0,6,0,0,1,0,1,0,0,0,1,0,0,0,0,0,0,0
25ada9b0-545d-11e8-b337-917286d961af,1,2018-05-10T14:19:27.563Z,72,58.0,0,10.0,8.0,10701,3,1,0,5,0,1,0,0,1,0,0,0,0,0,0,1,0,0,0,0
05A11569-B04B-4376-888C-00DF1ED4736A,75,2018-07-20T12:33:04.986Z,61,80.0,0,10.0,9.0,75028,4,1,0,7,0,0,1,0,1,0,0,0,0,1,0,0,0,0,0,0
9D17E599-AD04-4A3E-8203-84FA47916B5B,40,2018-08-23T01:10:04.651Z,78,84.0,0,0.0,3.0,33785,3,1,0,8,0,0,1,0,0,0,0,1,0,1,0,0,0,0,0,0
9281B889-4105-4CD3-8212-B88FB9347362,20,2018-06-09T13:23:27.720Z,56,70.0,0,10.0,9.0,10970,5,1,0,6,0,0,1,0,1,0,0,0,0,1,0,0,0,0,0,0
9BED198E-CE1F-41B4-B62C-7A941C524A71,1,2018-08-07T09:55:57.550Z,100,74.0,0,4.0,3.0,10923,1,1,0,8,0,0,1,0,0,0,1,0,0,0,0,0,1,0,0,0
94BF119B-D87E-45E3-9222-A3A60B747128,1,2018-06-30T12:18:49.174Z,69,72.0,0,10.0,8.0,10993,5,1,0,6,0,0,1,0,1,0,0,0,1,0,0,0,0,0,0,0
7BF917FB-407C-48D6-B3D0-A2801C5263CC,90,2018-08-08T11:27:04.456Z,100,71.0,0,0.0,2.0,10923,2,1,0,8,0,0,1,0,0,0,1,0,0,0,1,0,0,0,0,0
740C0FC9-9BDE-49E0-94D2-1E1BD379CD6B,40,2018-07-15T18:17:58.247Z,88,73.0,0,10.0,5.0,10960,6,0,1,7,0,0,1,0,0,1,0,0,0,0,0,0,1,0,0,0
EB150949-D93C-4747-857B-67DB1E53D30C,1,2018-07-02T22:02:36.459Z,62,91.0,0,10.0,6.0,8879,0,1,0,7,0,0,1,0,0,1,0,0,0,0,0,1,0,0,0,0
6B584005-B1EF-4AAF-B161-1057C8AABEC3,1,2018-07-01T02:52:54.594Z,83,79.0,0,10.0,3.0,7430,6,0,1,7,0,0,1,0,0,0,0,1,1,0,0,0,0,0,0,0
569A1F91-7A43-43E2-B7E8-AF1DE38174AD,20,2018-07-13T10:41:19.083Z,93,62.0,0,10.0,3.0,10923,4,1,0,7,0,0,1,0,0,0,1,0,0,1,0,0,0,0,0,0
A1DC3A7B-CEA1-4760-9438-ED8AEDC2021F,1,2018-07-17T10:55:24.102Z,100,74.0,0,7.0,4.0,10923,1,1,0,7,0,0,1,0,0,0,1,0,0,0,0,0,1,0,0,0
A273F270-DE31-45C0-B77F-0EF8DE909861,75,2018-04-09T11:40:11.795Z,100,72.0,0,10.0,4.0,34117,0,1,0,4,0,1,0,0,0,0,1,0,0,1,0,0,0,0,0,0
C36D9888-3CFC-49EC-BDB9-D6474E1B28A9,75,2018-05-02T19:01:15.010Z,14,87.0,0,10.0,20.0,10901,2,1,0,5,0,1,0,0,0,1,0,0,0,1,0,0,0,0,0,0
EBD7B109-4562-4F6D-B4E4-FBB21EC1F115,1,2018-07-17T00:40:10.980Z,69,82.0,0,10.0,5.0,10989,1,1,0,7,0,0,1,0,0,0,0,1,1,0,0,0,0,0,0,0
707B5433-C03B-4B0E-B84E-7C9FD70F9221,1,2018-04-06T11:36:31.816Z,93,62.0,0,10.0,5.0,34117,4,1,0,4,0,1,0,0,0,0,1,0,1,0,0,0,0,0,0,0
BB55A473-B5CC-44EC-ABBD-70998CF37D9C,75,2018-05-02T19:01:14.713Z,14,87.0,0,10.0,20.0,10901,2,1,0,5,0,1,0,0,0,1,0,0,0,1,0,0,0,0,0,0
A319DCFA-5386-4A28-8C83-8A4DB79C9FD6,40,2018-09-06T20:40:41.961Z,59,90.0,0,10.0,9.0,10923,3,1,0,9,1,0,0,0,0,1,0,0,0,0,0,0,0,0,0,1
2B849A97-07AC-453D-B34C-A2DF0D358509,1,2018-03-28T11:42:49.386Z,82,59.0,0,10.0,8.0,34117,2,1,0,3,0,1,0,0,0,0,1,0,1,0,0,0,0,0,0,0
A13C6FC3-25F5-46FC-B8F9-ABAF1C457644,40,2018-06-29T19:04:11.549Z,45,87.0,0,10.0,13.0,10923,4,1,0,6,0,0,1,0,0,1,0,0,0,1,0,0,0,0,0,0
8BD8D398-CC02-45D6-84D2-31440280173F,75,2018-06-21T15:06:42.529Z,60,71.0,0,20.0,5.0,10993,3,1,0,6,0,0,1,0,1,0,0,0,0,1,0,0,0,0,0,0
7A1BF980-65D1-4F22-96B7-8EB813B2A656,90,2018-09-07T11:44:53.578Z,90,72.0,0,10.0,9.0,10923,4,1,0,9,1,0,0,0,0,0,1,0,0,1,0,0,0,0,0,0
C2C64D8A-B734-4A2A-A1CC-722DDECA864C,40,2018-07-15T16:20:23.964Z,88,73.0,0,10.0,5.0,10960,6,0,1,7,0,0,1,0,1,0,0,0,0,0,0,0,1,0,0,0
5F2CA68D-C846-462C-BB32-7A6E464B6AEC,75,2018-06-13T11:41:43.129Z,77,63.0,0,10.0,4.0,10923,2,1,0,6,0,0,1,0,0,0,1,0,0,0,0,0,1,0,0,0
2D48E228-5EEA-4434-AEEB-27138EDBBD25,1,2018-06-02T20:59:23.833Z,51,83.0,0,10.0,9.0,11709,5,1,0,6,0,0,1,0,0,1,0,0,0,0,0,0,1,0,0,0
55dabb20-6ca2-11e8-9c4c-6bc6149ed15c,90,2018-06-10T11:35:11.570Z,46,63.0,0,10.0,8.0,10701,6,0,1,6,0,0,1,0,0,0,1,0,0,0,0,0,1,0,0,0
8f745320-8ca4-11e7-ac04-c565305c02d6,1,2017-08-29T10:26:46.775Z,87,61.0,0,10.0,8.0,10927,1,1,0,8,0,0,1,0,0,0,1,0,0,1,0,0,0,0,0,0
4D5B56E6-648D-414F-84ED-4D348D0AECA3,75,2018-08-04T16:27:25.231Z,94,76.0,0,10.0,6.0,10956,5,1,0,8,0,0,1,0,1,0,0,0,0,0,0,0,1,0,0,0
DB23D16F-08A9-4C38-B615-C3A243FF901D,75,2018-06-01T17:29:26.444Z,65,76.0,0,10.0,3.0,10901,4,1,0,6,0,0,1,0,1,0,0,0,0,0,0,1,0,0,0,0
EAE3AE73-37E8-4019-99C7-FF73A0B0F066,40,2018-08-21T16:50:02.630Z,68,73.0,0,10.0,10.0,10923,1,1,0,8,0,0,1,0,1,0,0,0,0,1,0,0,0,0,0,0
6573D93C-5880-493A-A3EB-69822C3FCAB3,1,2018-09-04T11:07:46.633Z,76,72.0,0,10.0,5.0,10923,1,1,0,9,1,0,0,0,0,0,1,0,1,0,0,0,0,0,0,0
0A53AA93-770F-4D39-B44B-A00A610B288C,1,2018-08-30T13:51:54.076Z,59,61.0,0,10.0,4.0,80203,3,1,0,8,0,0,1,0,1,0,0,0,1,0,0,0,0,0,0,0
D5608F90-2FD8-405D-801A-0549BBBF80FD,75,2018-08-12T13:22:24.978Z,94,72.0,0,6.0,4.0,10927,6,0,1,8,0,0,1,0,1,0,0,0,0,0,0,0,1,0,0,0
7e5bb320-8d6d-11e7-80ea-b5b2161ddc58,90,2017-08-30T10:25:06.899Z,93,60.0,0,10.0,8.0,10927,2,1,0,8,0,0,1,0,0,0,1,0,0,1,0,0,0,0,0,0
E2125D93-B18C-4F1E-AC51-D1F76A803DBD,1,2018-06-02T20:59:21.358Z,51,83.0,0,10.0,9.0,11709,5,1,0,6,0,0,1,0,0,1,0,0,0,0,0,0,1,0,0,0
327B4960-128D-42DE-A19E-2F154599BD17,20,2018-07-29T15:05:48.476Z,64,74.0,0,10.0,6.0,10993,6,0,1,7,0,0,1,0,1,0,0,0,0,0,0,0,1,0,0,0
66CE37DA-11EA-486B-9633-59512856569A,20,2018-09-05T13:36:42.427Z,100,77.0,0,6.0,3.0,10923,2,1,0,9,1,0,0,0,1,0,0,0,0,0,1,0,0,0,0,0
FE861E86-0FFF-4943-A646-EBB4AC502F59,75,2018-04-10T20:04:01.277Z,83,82.0,0,10.0,12.0,34117,1,1,0,4,0,1,0,0,0,1,0,0,0,1,0,0,0,0,0,0
35C1F5CE-F649-4B7C-A111-F7FDFD9A36DC,1,2018-06-20T03:28:13.909Z,72,70.0,0,10.0,3.0,10901,2,1,0,6,0,0,1,0,0,0,0,1,1,0,0,0,0,0,0,0
62EACE21-06AC-44A7-9E97-C8E30A035771,75,2018-09-06T11:38:45.801Z,84,76.0,0,6.0,3.0,10923,3,1,0,9,1,0,0,0,0,0,1,0,0,0,0,0,1,0,0,0
dd3804e0-6acf-11e7-908f-4b064f587a76,1,2017-07-17T09:11:06.030Z,87,56.0,0,10.0,6.0,98109,0,1,0,7,0,0,1,0,0,0,1,0,0,1,0,0,0,0,0,0
CEA54B03-7D77-4238-B4EE-4E4232E01FFC,90,2018-08-08T11:27:04.372Z,100,71.0,0,0.0,2.0,10923,2,1,0,8,0,0,1,0,0,0,1,0,0,0,1,0,0,0,0,0
d2afebb0-7617-11e8-b4d9-1da352a31440,40,2018-06-22T12:28:52.588Z,55,66.0,0,10.0,6.0,10701,4,1,0,6,0,0,1,0,1,0,0,0,0,1,0,0,0,0,0,0
2FCE8C6D-6BEA-41D3-9481-CA8F8044C8DD,75,2018-05-25T22:03:42.699Z,31,85.0,0,10.0,13.0,10923,4,1,0,5,0,1,0,0,0,1,0,0,0,1,0,0,0,0,0,0
27E9D393-CB21-4D52-BDB4-FE0920A618D8,90,2018-05-18T15:42:22.710Z,45,63.0,0,10.0,13.0,7677,4,1,0,5,0,1,0,0,1,0,0,0,0,1,0,0,0,0,0,0
7cd4c410-6fc1-11e8-a688-1dee7bbf2a66,1,2018-06-14T10:55:44.850Z,72,66.0,0,10.0,6.0,10701,3,1,0,6,0,0,1,0,0,0,1,0,1,0,0,0,0,0,0,0
C1438AA5-2980-4425-93A4-6D47572834A9,75,2018-08-19T21:51:51.729Z,48,84.0,0,10.0,8.0,60502,6,0,1,8,0,0,1,0,0,1,0,0,0,0,0,1,0,0,0,0
ECBA4CD6-D2B5-484A-A70A-D27B60E1C3A9,1,2018-07-19T02:04:18.388Z,13,93.0,0,10.0,5.0,84321,3,1,0,7,0,0,1,0,0,0,0,1,1,0,0,0,0,0,0,0
C68A0610-9F33-4E93-AD16-A9C2D84270A4,1,2018-06-02T20:59:19.259Z,51,83.0,0,10.0,9.0,11709,5,1,0,6,0,0,1,0,0,1,0,0,0,0,0,0,1,0,0,0
6e70e110-6ad1-11e7-908f-4b064f587a76,1,2017-07-17T09:22:19.169Z,87,56.0,0,10.0,6.0,98109,0,1,0,7,0,0,1,0,0,0,1,0,0,1,0,0,0,0,0,0
C979BA07-4A46-45DB-85D5-CA2B90E4D94B,1,2018-06-02T20:59:27.627Z,51,83.0,0,10.0,9.0,11709,5,1,0,6,0,0,1,0,0,1,0,0,0,0,0,0,1,0,0,0
1EFFD4B4-D05B-4813-A73B-476B19F5BC88,90,2018-09-17T10:58:45.317Z,96,63.0,0,0.0,3.0,7645,0,1,0,9,1,0,0,0,0,0,1,0,0,0,1,0,0,0,0,0
cf1df5b0-7864-11e8-9317-7197d277a846,20,2018-06-25T10:45:00.172Z,100,65.0,0,2.0,6.0,10701,0,1,0,6,0,0,1,0,0,0,1,0,0,0,0,0,0,0,0,1
673D1E89-CC5E-4214-85E3-172329D209EF,1,2018-08-06T11:36:12.582Z,78,74.0,0,10.0,3.0,8859,0,1,0,8,0,0,1,0,0,0,1,0,0,0,0,0,1,0,0,0
cfdbdb30-70d4-11e8-955c-07ae5009e4ac,75,2018-06-15T19:46:35.748Z,38,74.0,0,10.0,5.0,10701,4,1,0,6,0,0,1,0,0,1,0,0,0,1,0,0,0,0,0,0
17FA3694-A292-4E09-927E-E0E978C8DB53,1,2018-03-30T11:11:38.480Z,93,63.0,0,10.0,4.0,34117,4,1,0,3,0,1,0,0,0,0,1,0,1,0,0,0,0,0,0,0
E9DAC7B0-B372-4152-924F-87F245E7BB0B,90,2018-06-23T12:01:18.134Z,63,63.0,0,10.0,8.0,10993,5,1,0,6,0,0,1,0,1,0,0,0,0,1,0,0,0,0,0,0
E43E5409-CF16-4972-98A1-A4349E4E9189,75,2018-06-06T12:21:34.173Z,71,58.0,0,10.0,9.0,10923,2,1,0,6,0,0,1,0,1,0,0,0,0,1,0,0,0,0,0,0
71d687d0-6b0a-11e8-94b2-450c492cae1e,1,2018-06-08T10:55:23.854Z,87,56.0,0,10.0,3.0,10701,4,1,0,6,0,0,1,0,0,0,1,0,0,0,1,0,0,0,0,0
c1a03050-4804-11e8-9acf-21f8f0f4df92,20,2018-04-24T21:16:30.037Z,44,61.0,0,10.0,9.0,10701,1,1,0,4,0,1,0,0,0,1,0,0,0,1,0,0,0,0,0,0
B28636C7-C3ED-4C13-B93D-8AB28F8B5370,90,2018-06-21T11:35:02.410Z,93,65.0,0,9.0,3.0,10923,3,1,0,6,0,0,1,0,0,0,1,0,0,0,0,0,1,0,0,0
9F65D7E0-AC5C-48B0-8A8A-592629624832,1,2018-06-02T14:42:43.238Z,61,78.0,0,10.0,4.0,10901,5,1,0,6,0,0,1,0,1,0,0,0,1,0,0,0,0,0,0,0
415D5B40-516D-49E9-900A-8EF5C068B779,20,2018-06-10T16:00:06.835Z,32,68.0,0,10.0,9.0,10598,6,0,1,6,0,0,1,0,1,0,0,0,0,1,0,0,0,0,0,0
F3ABEEB7-83F5-4EB7-B4E6-C6DA14478C3A,20,2018-09-22T18:30:27.444Z,50,68.0,0,10.0,13.0,10956,5,1,0,9,1,0,0,0,0,1,0,0,0,1,0,0,0,0,0,0
D6E39CBF-9A97-4617-B892-480E8A1E66BC,75,2018-08-22T13:22:22.344Z,88,73.0,0,10.0,5.0,10923,2,1,0,8,0,0,1,0,1,0,0,0,0,0,0,0,1,0,0,0
C2FA2493-63C8-45C0-8AD1-A34FB762747D,20,2018-06-09T15:43:20.495Z,56,70.0,0,10.0,9.0,10970,5,1,0,6,0,0,1,0,1,0,0,0,0,1,0,0,0,0,0,0
b9f568a0-62b9-11e8-8d7a-0f6ea1f73713,90,2018-05-28T20:57:26.315Z,68,68.0,0,10.0,4.0,10701,0,1,0,5,0,1,0,0,0,1,0,0,0,1,0,0,0,0,0,0
11187A3B-2A12-421D-975C-E0F2E0FFF552,20,2018-09-22T18:48:24.945Z,50,68.0,0,10.0,13.0,10956,5,1,0,9,1,0,0,0,0,1,0,0,0,1,0,0,0,0,0,0
20010480-6a47-11e8-b56f-376f549f1f43,90,2018-06-07T11:37:14.697Z,77,59.0,0,10.0,3.0,10701,3,1,0,6,0,0,1,0,0,0,1,0,0,1,0,0,0,0,0,0
5DDB34B5-9973-4D85-8856-8999B8198EA3,20,2018-04-01T16:33:07.533Z,58,81.0,0,10.0,9.0,34117,6,0,1,4,0,1,0,0,1,0,0,0,0,1,0,0,0,0,0,0
A3ED6E6B-F7D7-4001-86B2-A2BE84CA9523,1,2018-08-09T21:47:25.179Z,48,88.0,0,10.0,8.0,7733,3,1,0,8,0,0,1,0,0,1,0,0,1,0,0,0,0,0,0,0
A30E41C8-39DB-4E36-A1C2-FF161E6496EC,20,2018-08-21T11:52:26.118Z,88,66.0,0,10.0,5.0,10923,1,1,0,8,0,0,1,0,0,0,1,0,0,1,0,0,0,0,0,0
B570049A-6925-4421-8DE5-AC448417E826,48,2018-05-03T14:39:41.735Z,94,46.0,0,0.0,3.0,95110,3,1,0,5,0,1,0,0,1,0,0,0,0,1,0,0,0,0,0,0
B27167FE-8301-4D86-AFCB-D58F07EF7495,5,2018-05-25T11:13:25.566Z,82,59.0,0,15.0,4.0,10923,4,1,0,5,0,1,0,0,0,0,1,0,1,0,0,0,0,0,0,0
55b5ab20-0fd5-11e8-a3de-a95bf78953b0,20,2018-02-12T09:15:57.523Z,51,36.0,0,10.0,9.0,98109,0,1,0,2,0,1,0,0,0,0,1,0,0,1,0,0,0,0,0,0
19B850D2-6CCF-4B44-B004-3362011918C0,5,2018-05-09T11:00:57.650Z,100,48.0,0,10.0,1.0,10923,2,1,0,5,0,1,0,0,0,0,1,0,0,0,1,0,0,0,0,0
07A3F3D1-977A-4F29-AD83-F4AF693A9CAB,75,2018-05-02T19:01:15.009Z,14,87.0,0,10.0,20.0,10901,2,1,0,5,0,1,0,0,0,1,0,0,0,1,0,0,0,0,0,0
465179C2-EAAB-447E-B88A-1070AC66155D,40,2018-07-11T11:05:04.083Z,73,70.0,0,10.0,9.0,10923,2,1,0,7,0,0,1,0,0,0,1,0,0,0,1,0,0,0,0,0
1D9C6B3D-B3F9-4F11-B1C2-24789DAD423E,1,2018-07-07T16:45:05.050Z,35,72.0,0,10.0,8.0,10923,5,1,0,7,0,0,1,0,1,0,0,0,1,0,0,0,0,0,0,0
A91D414A-9EA1-49AB-9F80-CFCE71CCAE02,1,2018-06-02T20:59:12.235Z,51,83.0,0,10.0,9.0,11709,5,1,0,6,0,0,1,0,0,1,0,0,0,0,0,0,1,0,0,0
8E66E8CC-F6C6-40FA-8B9C-9C42B07045E2,1,2018-07-16T22:02:08.879Z,58,88.0,0,10.0,6.0,7733,0,1,0,7,0,0,1,0,0,1,0,0,1,0,0,0,0,0,0,0
C07AE7BF-7B73-438F-BFFD-70D9C0C9F725,1,2018-07-10T15:32:17.394Z,45,84.0,0,10.0,6.0,10923,1,1,0,7,0,0,1,0,1,0,0,0,1,0,0,0,0,0,0,0
FE005606-4E10-4F3B-8588-E6B0B8DE54EC,75,2018-05-04T15:43:56.941Z,64,73.0,0,10.0,5.0,7677,4,1,0,5,0,1,0,0,1,0,0,0,0,0,0,0,1,0,0,0
838d0b10-6ad0-11e7-908f-4b064f587a76,1,2017-07-17T09:15:45.089Z,87,56.0,0,10.0,6.0,98109,0,1,0,7,0,0,1,0,0,0,1,0,0,1,0,0,0,0,0,0
ddb7f570-9679-11e8-89ac-033aee5d533f,20,2018-08-02T17:31:18.984Z,58,85.0,0,10.0,7.0,10701,3,1,0,8,0,0,1,0,1,0,0,0,0,0,0,0,1,0,0,0
2D1B8631-F713-4AFC-9923-5739240054FB,20,2018-09-08T15:48:46.811Z,56,67.0,0,10.0,6.0,10993,5,1,0,9,1,0,0,0,1,0,0,0,0,1,0,0,0,0,0,0
DFCE40EB-1261-4733-98CF-3343298748AE,90,2018-08-01T12:10:48.675Z,100,72.0,0,1.0,4.0,10993,2,1,0,8,0,0,1,0,1,0,0,0,0,0,0,0,1,0,0,0
0E8DE438-6A94-4AE6-A61F-FBC044C16284,1,2018-03-29T19:57:18.588Z,45,84.0,0,10.0,13.0,34119,3,1,0,3,0,1,0,0,0,1,0,0,0,0,0,0,0,1,0,0
739BE041-222A-4690-AD3D-843854685AB7,90,2018-07-03T12:47:26.213Z,94,79.0,0,3.0,0.0,10923,1,1,0,7,0,0,1,0,1,0,0,0,0,0,0,0,1,0,0,0
F9BF1FBB-65E4-4306-BE7A-61086AA2418C,1,2018-07-10T18:43:28.515Z,31,89.0,0,10.0,8.0,10923,1,1,0,7,0,0,1,0,0,1,0,0,1,0,0,0,0,0,0,0
328A2899-E7FF-4D2D-BF13-E096D70FB680,90,2018-08-08T11:50:51.492Z,100,71.0,0,3.0,2.0,10901,2,1,0,8,0,0,1,0,0,0,1,0,0,0,1,0,0,0,0,0
E6BB39E7-4F01-4F2A-BDF4-B81011227CA8,1,2018-08-10T12:37:24.664Z,69,72.0,0,10.0,3.0,7605,4,1,0,8,0,0,1,0,1,0,0,0,1,0,0,0,0,0,0,0
10E4307E-7EC2-45F0-84A3-E34CCC44A638,75,2018-07-20T12:33:03.688Z,61,80.0,0,10.0,9.0,75028,4,1,0,7,0,0,1,0,1,0,0,0,0,1,0,0,0,0,0,0
69160BE7-C919-4AA9-950E-9E2453D254DF,1,2018-06-30T23:00:55.497Z,69,72.0,0,10.0,8.0,10993,5,1,0,6,0,0,1,0,0,0,0,1,1,0,0,0,0,0,0,0
F7FF0CD1-F6AA-44BE-9E43-BA8456AA4190,75,2018-08-04T15:03:25.253Z,94,73.0,0,4.0,5.0,10923,5,1,0,8,0,0,1,0,1,0,0,0,0,0,0,0,1,0,0,0
64C74CA5-EC53-4257-A247-128FD5E8D7AB,20,2018-06-26T19:25:30.763Z,46,76.0,0,10.0,12.0,10994,1,1,0,6,0,0,1,0,0,1,0,0,0,1,0,0,0,0,0,0
E597B679-D1E6-4B93-83BC-7EB0A30118ED,1,2018-04-22T17:52:14.427Z,18,60.0,0,10.0,3.0,10977,6,0,1,4,0,1,0,0,1,0,0,0,1,0,0,0,0,0,0,0
fb1a5310-721b-11e8-b663-67a862397977,1,2018-06-17T10:48:33.782Z,72,60.0,0,10.0,3.0,10701,6,0,1,6,0,0,1,0,0,0,1,0,1,0,0,0,0,0,0,0
47416A6B-7F5A-4E1D-94A8-FE4FAE19C2B7,1,2018-07-07T16:44:12.908Z,35,72.0,0,10.0,8.0,10923,5,1,0,7,0,0,1,0,1,0,0,0,1,0,0,0,0,0,0,0
FBD52BAE-71EC-4014-836E-249D5895A03E,1,2018-07-20T12:05:19.865Z,78,70.0,0,10.0,4.0,7733,4,1,0,7,0,0,1,0,1,0,0,0,1,0,0,0,0,0,0,0
A9994870-BCB6-4785-9095-32D7A20E136B,1,2018-09-15T15:34:18.895Z,68,75.0,0,10.0,2.0,12538,5,1,0,9,1,0,0,0,1,0,0,0,1,0,0,0,0,0,0,0
4D8F639F-B2BC-4F12-AE32-03EBBDABD9BE,1,2018-06-02T20:59:13.624Z,51,83.0,0,10.0,9.0,11709,5,1,0,6,0,0,1,0,0,1,0,0,0,0,0,0,1,0,0,0
1B9DEEC8-F84D-4914-A202-4012CA1AF82E,1,2018-06-02T20:59:31.019Z,51,83.0,0,10.0,9.0,11709,5,1,0,6,0,0,1,0,0,1,0,0,0,0,0,0,1,0,0,0
C964EB48-0DDD-4C04-BE86-5AB791A7B4D7,1,2018-07-20T21:12:21.003Z,34,81.0,0,10.0,5.0,8879,4,1,0,7,0,0,1,0,0,1,0,0,1,0,0,0,0,0,0,0
5BCFAF88-B5E9-4F5F-B11A-E8FCDA9D2650,75,2018-07-20T12:33:02.199Z,61,80.0,0,10.0,9.0,75028,4,1,0,7,0,0,1,0,1,0,0,0,0,1,0,0,0,0,0,0
4367A438-481A-4435-838E-42C61DEAD51C,75,2019-01-03T21:45:33.742Z,68,25.0,0,6.0,14.0,05-831,3,1,0,1,0,0,0,1,0,1,0,0,0,1,0,0,0,0,0,0
7494BB7D-409B-40D8-A4D5-41B10613FD51,1,2018-06-11T22:30:35.867Z,39,69.0,0,10.0,12.0,7083,0,1,0,6,0,0,1,0,0,1,0,0,1,0,0,0,0,0,0,0
c14a28e0-64d3-11e8-b9fa-c5edf29718b7,75,2018-05-31T13:08:47.855Z,82,65.0,0,10.0,7.0,10701,3,1,0,5,0,1,0,0,1,0,0,0,0,0,0,0,1,0,0,0
C1E16B18-8396-4031-A312-22C70D405C6C,75,2018-04-17T11:25:00.181Z,80,39.0,0,10.0,12.0,10923,1,1,0,4,0,1,0,0,0,0,1,0,0,1,0,0,0,0,0,0
905A696F-E73A-4DF0-8E86-19B120DC2EE7,20,2018-06-09T13:55:55.832Z,56,70.0,0,10.0,9.0,10970,5,1,0,6,0,0,1,0,1,0,0,0,0,1,0,0,0,0,0,0
6E437CFC-581F-4397-BD53-97E15F1F4538,1,2018-07-08T21:03:38.412Z,39,81.0,0,10.0,4.0,10989,6,0,1,7,0,0,1,0,0,1,0,0,1,0,0,0,0,0,0,0
760EA2BF-8830-4FB7-9052-DDE367CABF69,75,2018-07-20T12:33:00.218Z,61,80.0,0,10.0,9.0,75028,4,1,0,7,0,0,1,0,1,0,0,0,0,1,0,0,0,0,0,0
552DA703-71BD-4F8A-8A00-555EB6167CEE,90,2018-06-13T21:01:25.916Z,83,74.0,0,3.0,3.0,10923,2,1,0,6,0,0,1,0,0,1,0,0,0,0,0,0,1,0,0,0
1E8A0181-D13B-469B-AA49-DA16EFF6C227,1,2018-06-16T14:31:14.454Z,33,73.0,0,10.0,9.0,10923,5,1,0,6,0,0,1,0,1,0,0,0,1,0,0,0,0,0,0,0
3924B07B-276F-41A8-8649-A9AC1C7C9662,40,2018-10-03T16:36:26.288Z,63,72.0,0,10.0,4.0,10014,2,1,0,10,1,0,0,0,1,0,0,0,0,1,0,0,0,0,0,0
ECD55B48-F4BA-4749-ACB9-D08A842EDC2C,75,2018-07-04T22:31:35.399Z,74,81.0,0,10.0,4.0,10920,2,1,0,7,0,0,1,0,0,1,0,0,0,0,0,0,1,0,0,0
91099B06-0D43-410D-8ABB-3062B9552235,1,2018-02-28T22:12:52.796Z,55,61.0,0,10.0,12.0,8879,2,1,0,2,0,1,0,0,0,1,0,0,1,0,0,0,0,0,0,0
B3950D09-B3E6-4234-8C2F-02FF92C30285,90,2018-07-06T19:07:15.935Z,88,77.0,0,7.0,8.0,7677,4,1,0,7,0,0,1,0,0,1,0,0,0,0,0,0,1,0,0,0
5F94B03C-7FC1-48D4-A15F-BB3751404B03,20,2018-07-21T18:06:50.068Z,56,75.0,0,10.0,12.0,10923,5,1,0,7,0,0,1,0,0,1,0,0,0,1,0,0,0,0,0,0
21BF185D-5D6F-4DBC-8F05-A21C60661D13,20,2018-06-26T22:15:59.646Z,47,75.0,0,20.0,9.0,10989,1,1,0,6,0,0,1,0,0,1,0,0,0,1,0,0,0,0,0,0
67802515-9320-47F3-B5BA-EA39CDC95513,1,2018-07-07T18:34:51.310Z,35,72.0,0,10.0,8.0,10923,5,1,0,7,0,0,1,0,0,1,0,0,1,0,0,0,0,0,0,0
22DBFC4A-8DB5-43EE-8230-F2F8658886A7,40,2018-07-21T13:15:02.042Z,64,71.0,0,10.0,13.0,10970,5,1,0,7,0,0,1,0,1,0,0,0,0,1,0,0,0,0,0,0
7eb56230-6086-11e7-be36-e17cbde4202e,90,2017-07-04T07:00:42.579Z,94,61.0,0,10.0,5.0,94103,1,1,0,7,0,0,1,0,0,0,1,0,0,1,0,0,0,0,0,0
D7445800-3368-4519-8743-E6E3665EC51F,75,2018-05-27T12:25:55.709Z,93,65.0,0,5.0,3.0,10901,6,0,1,5,0,1,0,0,1,0,0,0,0,0,0,0,1,0,0,0
1b85e070-8e3c-11e7-bd7e-576539d05eac,1,2017-08-31T11:04:06.904Z,82,61.0,0,10.0,5.0,10927,3,1,0,8,0,0,1,0,0,0,1,0,0,1,0,0,0,0,0,0
C69532FE-0F0D-424D-960D-5E0101724359,90,2018-05-17T15:40:10.411Z,100,61.0,0,1.0,3.0,10923,3,1,0,5,0,1,0,0,1,0,0,0,0,0,0,0,1,0,0,0
9B2997F0-04EA-497B-9E3C-F1C4FFBEAE85,40,2018-08-12T21:30:59.606Z,69,77.0,0,10.0,9.0,12603,6,0,1,8,0,0,1,0,0,1,0,0,0,0,0,0,1,0,0,0
E0200545-0E4C-4F4B-BA3D-91F8C9D48E8F,75,2018-08-27T14:38:49.736Z,37,67.0,0,10.0,14.0,80202,0,1,0,8,0,0,1,0,1,0,0,0,0,1,0,0,0,0,0,0
16ECF5B5-A636-456C-B57A-41B36CC37DBE,40,2018-08-03T14:03:20.164Z,78,78.0,0,10.0,6.0,10970,4,1,0,8,0,0,1,0,1,0,0,0,0,1,0,0,0,0,0,0
4EBFBC8D-A692-4981-BC3A-AD90A3CC1AF0,1,2018-04-02T13:05:45.552Z,100,68.0,0,10.0,4.0,34117,0,1,0,4,0,1,0,0,1,0,0,0,1,0,0,0,0,0,0,0
8974C50B-D95D-4AF3-AD24-08ACC596E7FF,75,2018-09-02T11:54:00.057Z,100,65.0,0,10.0,3.0,10970,6,0,1,9,1,0,0,0,0,0,1,0,0,1,0,0,0,0,0,0
FE755C85-965F-4120-8E26-738D54B04F0E,75,2018-05-06T17:33:17.007Z,72,61.0,0,10.0,6.0,10923,6,0,1,5,0,1,0,0,1,0,0,0,0,1,0,0,0,0,0,0
015C7BC5-638A-4416-A948-A6979F3498DD,40,2018-04-28T16:43:48.359Z,72,61.0,0,5.0,9.0,10956,5,1,0,4,0,1,0,0,1,0,0,0,0,0,0,1,0,0,0,0
67DAD324-2D9F-4C64-8F2B-93E8602A6CCE,1,2018-06-18T21:22:40.085Z,55,91.0,0,10.0,5.0,7722,0,1,0,6,0,0,1,0,0,1,0,0,1,0,0,0,0,0,0,0
4B1AEA55-374C-42D7-8A21-8BB1847E9D08,40,2018-07-12T11:22:28.262Z,68,65.0,0,10.0,3.0,10993,3,1,0,7,0,0,1,0,0,0,1,0,0,0,0,0,1,0,0,0
B44C47A3-8286-411A-B592-570001B03475,75,2018-04-12T19:19:00.113Z,44,57.0,0,10.0,14.0,10923,3,1,0,4,0,1,0,0,0,1,0,0,0,0,0,0,1,0,0,0
258B5485-812C-4EA4-9389-5EDEB13312A4,75,2018-06-01T17:25:05.595Z,88,76.0,0,10.0,3.0,10954,4,1,0,6,0,0,1,0,1,0,0,0,0,0,0,1,0,0,0,0
9067ca20-723e-11e8-a5e0-89e353729831,1,2018-06-17T14:56:07.107Z,34,79.0,0,10.0,3.0,10701,6,0,1,6,0,0,1,0,1,0,0,0,1,0,0,0,0,0,0,0
CF0693AD-E056-4B65-8A3B-31A5CD58334A,75,2019-01-03T21:45:26.292Z,68,25.0,0,6.0,14.0,05-831,3,1,0,1,0,0,0,1,0,1,0,0,0,1,0,0,0,0,0,0
4CC5B833-0C3B-4BC0-9372-D5917C37CD34,90,2018-06-24T14:16:26.094Z,93,66.0,0,1.0,4.0,10923,6,0,1,6,0,0,1,0,1,0,0,0,0,0,0,0,1,0,0,0
B13B4FE6-9A84-4FEA-B0F7-335C61620597,40,2018-05-18T11:04:51.143Z,67,61.0,0,20.0,9.0,10923,4,1,0,5,0,1,0,0,0,0,1,0,0,0,0,0,1,0,0,0
09FDEE1F-4462-4876-A1BB-2689BD8707D3,75,2018-05-10T21:00:12.439Z,60,67.0,0,15.0,9.0,10923,3,1,0,5,0,1,0,0,0,1,0,0,0,1,0,0,0,0,0,0
8AB3350D-A22E-4BED-9565-DABCC72D9FAF,75,2018-06-13T23:51:58.768Z,65,76.0,0,10.0,9.0,11211,2,1,0,6,0,0,1,0,0,0,0,1,0,1,0,0,0,0,0,0
C0784390-B4F3-49A4-8E99-2CB8A4D6FE51,90,2018-08-31T11:07:13.699Z,82,70.0,0,10.0,9.0,10993,4,1,0,8,0,0,1,0,0,0,1,0,0,1,0,0,0,0,0,0
225af420-786b-11e8-b872-4d95b20ad14e,75,2018-06-25T11:30:16.803Z,77,66.0,0,10.0,3.0,10701,0,1,0,6,0,0,1,0,0,0,1,0,0,1,0,0,0,0,0,0
ACDC3A44-98D2-47CA-A0E5-04E899BCEDB3,90,2018-05-13T14:22:35.150Z,81,52.0,0,10.0,6.0,10923,6,0,1,5,0,1,0,0,1,0,0,0,0,0,0,0,1,0,0,0
B389AA7F-B82C-47B5-A2E9-DCF5D37ADB7E,75,2018-07-12T19:04:06.702Z,32,82.0,0,10.0,5.0,10954,3,1,0,7,0,0,1,0,0,1,0,0,0,1,0,0,0,0,0,0
E24767C9-865F-4D8A-90E4-7F6CB4ACAF0F,90,2018-06-11T00:44:05.031Z,67,63.0,0,10.0,2.0,10989,0,1,0,6,0,0,1,0,0,0,0,1,0,0,0,0,1,0,0,0
3D7118DA-4718-4A99-9539-0E94A7022010,1,2018-06-18T10:17:47.052Z,83,68.0,0,10.0,4.0,10923,0,1,0,6,0,0,1,0,0,0,1,0,1,0,0,0,0,0,0,0
80cb7a20-4f8a-11e8-8376-ddba105bd67f,40,2018-05-04T11:01:31.971Z,100,66.0,0,10.0,5.0,10701,4,1,0,5,0,1,0,0,0,0,1,0,0,0,0,0,1,0,0,0
687dfb00-611e-11e8-85dd-89a54a8c774f,40,2018-05-26T19:53:06.481Z,33,88.0,0,20.0,14.0,10701,5,1,0,5,0,1,0,0,0,1,0,0,0,1,0,0,0,0,0,0
D006BA05-D2E3-4160-B811-0110CA819080,1,2018-03-27T21:42:25.176Z,39,79.0,0,10.0,19.0,34117,1,1,0,3,0,1,0,0,0,1,0,0,0,0,0,0,0,1,0,0
C2DE2BC5-4970-4823-B24F-AA967B96BBD7,75,2018-06-02T12:47:19.058Z,88,73.0,0,10.0,5.0,10927,5,1,0,6,0,0,1,0,1,0,0,0,0,1,0,0,0,0,0,0
FA5CA1FF-0F43-40E2-AB3E-4EBE2AB3D111,1,2018-07-09T14:04:19.346Z,50,77.0,0,10.0,6.0,10993,0,1,0,7,0,0,1,0,1,0,0,0,1,0,0,0,0,0,0,0
46864a10-5ea9-11e8-b189-3b444d73352a,1,2018-05-23T16:49:36.050Z,56,72.0,0,10.0,11.0,10701,2,1,0,5,0,1,0,0,1,0,0,0,1,0,0,0,0,0,0,0
9c216f70-5f41-11e8-aa40-d5a9fbd0c8d8,5,2018-05-24T11:00:03.176Z,93,59.0,0,15.0,6.0,10701,3,1,0,5,0,1,0,0,0,0,1,0,1,0,0,0,0,0,0,0
47BF22AC-E901-4EED-9481-667FFD97F034,90,2018-06-27T10:39:43.695Z,100,61.0,0,1.0,4.0,10970,2,1,0,6,0,0,1,0,0,0,1,0,0,0,0,0,1,0,0,0
6CAC1CBD-DEEA-4F2E-974F-945CCA740C87,1,2018-08-06T21:46:25.579Z,59,90.0,0,10.0,11.0,7748,0,1,0,8,0,0,1,0,0,1,0,0,1,0,0,0,0,0,0,0
9a718cf0-47d1-11e8-8840-97a399dba024,1,2018-04-24T15:10:19.967Z,47,60.0,0,10.0,11.0,10701,1,1,0,4,0,1,0,0,1,0,0,0,1,0,0,0,0,0,0,0
51ED2889-CE87-40E8-BB20-CE8F711891EB,20,2018-06-26T15:36:01.258Z,40,72.0,0,10.0,3.0,10923,1,1,0,6,0,0,1,0,1,0,0,0,0,1,0,0,0,0,0,0
9472FFCE-F261-457E-881E-85F2A9ABAA6B,1,2018-06-02T20:59:16.348Z,51,83.0,0,10.0,9.0,11709,5,1,0,6,0,0,1,0,0,1,0,0,0,0,0,0,1,0,0,0
1CB92B53-627E-4101-B133-9BF5DEB128EF,75,2018-06-05T10:20:44.445Z,100,52.0,0,3.0,2.0,10970,1,1,0,6,0,0,1,0,0,0,1,0,0,0,1,0,0,0,0,0
FC13E2E8-E047-459D-9DF6-04EB731F02B7,1,2018-05-05T19:22:05.866Z,27,73.0,0,10.0,4.0,10923,5,1,0,5,0,1,0,0,0,1,0,0,1,0,0,0,0,0,0,0
9A95E6AA-7B5F-4279-8C9B-9619B258EEFB,90,2018-08-08T11:27:04.455Z,100,71.0,0,0.0,2.0,10923,2,1,0,8,0,0,1,0,0,0,1,0,0,0,1,0,0,0,0,0
0830f230-51eb-11e8-9f91-8b602027c07e,90,2018-05-07T11:37:33.176Z,93,52.0,0,1.0,5.0,10701,0,1,0,5,0,1,0,0,0,0,1,0,0,0,1,0,0,0,0,0
fb7dff40-747e-11e8-97e9-29c7c769a9e2,40,2018-06-20T11:42:16.885Z,59,66.0,0,10.0,5.0,10701,2,1,0,6,0,0,1,0,0,0,1,0,0,1,0,0,0,0,0,0
807D4D0C-99D2-440D-8DC8-4205A765375D,1,2018-05-21T22:39:44.418Z,38,74.0,0,10.0,9.0,8832,0,1,0,5,0,1,0,0,0,1,0,0,1,0,0,0,0,0,0,0
F7CAF186-963A-4F97-9265-648889056626,5,2018-06-17T22:59:29.384Z,40,85.0,0,20.0,2.0,10989,6,0,1,6,0,0,1,0,0,1,0,0,1,0,0,0,0,0,0,0
FFB69BDF-D8CC-4E12-A944-3AC7FB582383,1,2018-07-10T00:31:58.847Z,45,81.0,0,10.0,3.0,10901,1,1,0,7,0,0,1,0,0,0,0,1,1,0,0,0,0,0,0,0
41E555E5-12BD-493A-A10C-331B8B634DDC,40,2018-04-30T23:39:17.902Z,45,61.0,0,10.0,9.0,95113,0,1,0,4,0,1,0,0,0,0,0,1,0,1,0,0,0,0,0,0
5D3BCD1A-30D3-405E-95CA-1338920E3B21,90,2018-06-03T14:45:31.339Z,72,61.0,0,10.0,11.0,10923,6,0,1,6,0,0,1,0,1,0,0,0,0,0,0,0,1,0,0,0
cd5eb000-6b5f-11e8-935d-63e82b014d23,40,2018-06-08T21:06:24.641Z,57,81.0,0,10.0,9.0,10701,4,1,0,6,0,0,1,0,0,1,0,0,0,1,0,0,0,0,0,0
492C5480-471F-4F93-91B6-5019E899EA0B,75,2018-08-09T10:31:47.829Z,94,72.0,0,7.0,2.0,10923,3,1,0,8,0,0,1,0,0,0,1,0,0,0,0,0,1,0,0,0
D894321F-FDDF-42A0-BF0C-F07B6C2ECA97,20,2018-07-06T17:09:37.915Z,25,99.0,0,10.0,16.0,85044,4,1,0,7,0,0,1,0,1,0,0,0,0,1,0,0,0,0,0,0
72d88550-3f56-11e8-bade-6f4fdb9ae9d9,1,2018-04-13T20:08:36.133Z,27,78.0,0,10.0,13.0,10701,4,1,0,4,0,1,0,0,0,1,0,0,1,0,0,0,0,0,0,0
6774D2D4-2AF5-4A3E-A597-E8E26858C708,1,2018-06-11T17:11:26.263Z,43,67.0,0,10.0,6.0,7733,0,1,0,6,0,0,1,0,1,0,0,0,1,0,0,0,0,0,0,0
0C10CF0C-CF5E-4A58-8927-02E5898B6494,1,2018-06-12T11:49:41.878Z,76,55.0,0,10.0,3.0,10923,1,1,0,6,0,0,1,0,0,0,1,0,1,0,0,0,0,0,0,0
1CAB7C8B-2CA7-430E-9B8A-F940D667AACF,20,2018-07-14T12:26:48.531Z,64,71.0,0,10.0,4.0,10927,5,1,0,7,0,0,1,0,1,0,0,0,0,1,0,0,0,0,0,0
DEDC4F96-223E-42D8-8C5D-D1A71349E571,90,2018-07-06T16:57:04.297Z,88,77.0,0,7.0,8.0,7677,4,1,0,7,0,0,1,0,1,0,0,0,0,0,0,0,1,0,0,0
E21F88EF-3B6C-4732-A1E1-3186CC07B369,75,2018-05-02T19:01:15.007Z,14,87.0,0,10.0,20.0,10901,2,1,0,5,0,1,0,0,0,1,0,0,0,1,0,0,0,0,0,0
45696f90-5e81-11e8-a6c5-29e8b9c17254,75,2018-05-23T12:03:14.314Z,100,60.0,0,3.0,3.0,10701,2,1,0,5,0,1,0,0,1,0,0,0,0,0,0,0,1,0,0,0
ABCB00D6-2DE6-4F72-8808-8A61B6B53F5F,90,2018-08-08T11:27:04.453Z,100,71.0,0,0.0,2.0,10923,2,1,0,8,0,0,1,0,0,0,1,0,0,0,1,0,0,0,0,0
08E2DB7C-7289-4216-A4F3-A424B26692DA,1,2018-07-30T13:26:04.156Z,60,71.0,0,10.0,4.0,10923,0,1,0,7,0,0,1,0,1,0,0,0,1,0,0,0,0,0,0,0
6eb5f050-9f8a-11e7-b2a9-8d3ab17c1352,1,2017-09-22T11:37:37.018Z,100,62.0,0,6.0,3.0,10927,4,1,0,9,1,0,0,0,0,0,1,0,0,1,0,0,0,0,0,0
306FC469-2DCF-455A-BE01-F410E04F5F0F,1,2018-06-02T20:59:25.915Z,51,83.0,0,10.0,9.0,11709,5,1,0,6,0,0,1,0,0,1,0,0,0,0,0,0,1,0,0,0
AAB50B18-FA4C-4999-9783-D66530BE21A7,1,2018-06-18T15:31:26.455Z,54,86.0,0,10.0,8.0,7733,0,1,0,6,0,0,1,0,1,0,0,0,1,0,0,0,0,0,0,0
59FD12AD-AE41-4D15-92E1-A40183C328FD,1,2018-05-22T12:51:26.674Z,72,62.0,0,10.0,3.0,10923,1,1,0,5,0,1,0,0,1,0,0,0,0,0,0,0,1,0,0,0
64c53710-b062-11e8-b776-47c0e0067e5a,20,2018-09-04T16:48:47.874Z,57,87.0,0,10.0,10.0,10701,1,1,0,9,1,0,0,0,1,0,0,0,0,1,0,0,0,0,0,0
61268F60-370E-4FED-AD5B-D13A3501903D,1,2018-07-08T16:40:32.938Z,36,78.0,0,10.0,5.0,10960,6,0,1,7,0,0,1,0,1,0,0,0,1,0,0,0,0,0,0,0
76197090-6ad0-11e7-908f-4b064f587a76,1,2017-07-17T09:15:22.521Z,87,56.0,0,10.0,6.0,98109,0,1,0,7,0,0,1,0,0,0,1,0,0,1,0,0,0,0,0,0
28362b70-6ad0-11e7-908f-4b064f587a76,1,2017-07-17T09:13:11.847Z,87,56.0,0,10.0,6.0,98109,0,1,0,7,0,0,1,0,0,0,1,0,0,1,0,0,0,0,0,0
579C9191-6EFB-477C-BBC9-4C534A5E4091,40,2018-05-04T16:34:01.967Z,61,74.0,0,10.0,4.0,10901,4,1,0,5,0,1,0,0,1,0,0,0,0,0,0,0,1,0,0,0
31A96EF7-2538-480A-BDEA-56D1E765F184,90,2018-06-11T11:01:25.120Z,82,57.0,0,10.0,3.0,7111,0,1,0,6,0,0,1,0,0,0,1,0,0,0,0,1,0,0,0,0
AC20527B-7645-4511-80C6-F21B625887B0,75,2018-07-06T17:52:57.101Z,88,78.0,0,10.0,9.0,10901,4,1,0,7,0,0,1,0,1,0,0,0,0,0,0,0,1,0,0,0
67124F7D-727A-4C07-B885-8D0DB8088FEA,20,2018-06-22T00:24:50.640Z,64,77.0,0,10.0,6.0,10989,4,1,0,6,0,0,1,0,0,0,0,1,0,1,0,0,0,0,0,0
8E8F81AE-2DFE-4915-8BCA-152738FBEF51,1,2018-01-03T20:07:25.979Z,25,26.0,0,10.0,2.0,10901,2,1,0,1,0,0,0,1,0,1,0,0,1,0,0,0,0,0,0,0
50ACE9B4-E6D5-45B2-95FF-3F3D2E21AC9F,90,2018-05-14T15:38:31.108Z,87,58.0,0,1.0,3.0,10923,0,1,0,5,0,1,0,0,1,0,0,0,0,0,0,0,1,0,0,0
332E43CE-51A2-4061-A887-D5B439457426,20,2018-09-04T12:07:11.490Z,94,73.0,0,20.0,3.0,10923,1,1,0,9,1,0,0,0,1,0,0,0,0,0,0,0,1,0,0,0
84CAB49B-7237-4435-A1F3-A3D54CA0A6DC,1,2018-07-19T11:21:41.167Z,55,60.0,0,10.0,4.0,10923,3,1,0,7,0,0,1,0,0,0,1,0,1,0,0,0,0,0,0,0
55677F51-DC90-4FE4-91B8-DAB86C2B2486,20,2018-07-04T13:12:28.967Z,78,79.0,0,2.0,4.0,10993,2,1,0,7,0,0,1,0,1,0,0,0,0,0,0,1,0,0,0,0
D959ACCA-ADE3-46DB-88A1-F4726809C651,92,2018-10-15T03:01:18.169Z,95,60.0,0,0.0,2.0,948-0082,0,1,0,10,1,0,0,0,0,0,0,1,0,1,0,0,0,0,0,0
B7F5C3D4-39D3-4FA6-A8BC-48F78720FB46,1,2018-04-11T10:12:54.727Z,94,72.0,0,10.0,3.0,33913,2,1,0,4,0,1,0,0,0,0,1,0,1,0,0,0,0,0,0,0
BA1CC533-14C1-49CC-A569-E2576CE2D1F5,75,2018-08-22T12:16:20.358Z,94,72.0,0,8.0,3.0,10923,2,1,0,8,0,0,1,0,1,0,0,0,0,1,0,0,0,0,0,0
59FB9FEB-7C28-4539-B575-3BB42F359DFD,75,2018-07-18T19:47:40.546Z,83,84.0,0,2.0,6.0,110064,2,1,0,7,0,0,1,0,0,1,0,0,0,0,0,0,1,0,0,0
845DCD45-DE90-4BD6-92D2-69E60EE674C7,1,2018-07-11T21:24:06.320Z,57,76.0,0,10.0,11.0,94085,2,1,0,7,0,0,1,0,0,1,0,0,1,0,0,0,0,0,0,0
3833B999-3208-4A09-913F-6BF7A9AA8AA1,1,2018-06-29T21:02:34.845Z,33,88.0,0,10.0,4.0,10989,4,1,0,6,0,0,1,0,0,1,0,0,1,0,0,0,0,0,0,0
96a29f20-4988-11e8-a7a5-19658f20bd1d,40,2018-04-26T19:32:42.643Z,45,65.0,0,10.0,14.0,10701,3,1,0,4,0,1,0,0,0,1,0,0,0,1,0,0,0,0,0,0
7178B3D6-67FF-44CD-ABE9-40FBDEE657CB,40,2018-05-21T10:52:28.115Z,93,54.0,0,10.0,4.0,7645,0,1,0,5,0,1,0,0,0,0,1,0,0,0,0,0,1,0,0,0
96DFDC31-350D-42FF-9D07-095F8AF9D33D,90,2018-06-24T12:24:46.064Z,93,66.0,0,1.0,4.0,10923,6,0,1,6,0,0,1,0,1,0,0,0,0,0,0,0,1,0,0,0
ea548ff0-a6d7-11e8-8dac-11e1cda49de4,75,2018-08-23T13:24:51.440Z,69,66.0,0,10.0,10.0,10701,3,1,0,8,0,0,1,0,1,0,0,0,0,0,0,0,1,0,0,0
195745e0-7555-11e8-a32a-c96eb4a9a993,75,2018-06-21T13:14:59.263Z,83,68.0,0,10.0,5.0,10701,3,1,0,6,0,0,1,0,1,0,0,0,0,0,0,0,1,0,0,0
729EF3FA-2BBD-4CA4-9A0B-6AF2668FB267,1,2018-08-05T12:18:01.599Z,88,74.0,0,10.0,3.0,10927,6,0,1,8,0,0,1,0,1,0,0,0,0,0,0,0,1,0,0,0
77C61259-DBD9-4B04-AEFD-380807837814,90,2018-05-29T10:00:54.752Z,88,65.0,0,10.0,3.0,10923,1,1,0,5,0,1,0,0,0,0,1,0,0,0,0,0,1,0,0,0
09D84E39-807C-4FFD-9D90-A99C3C6B8547,90,2018-05-30T10:35:50.541Z,88,63.0,0,3.0,3.0,10923,2,1,0,5,0,1,0,0,0,0,1,0,0,0,1,0,0,0,0,0
c138bf30-3ff1-11e8-87f1-bb394738a7ce,1,2018-04-14T14:40:19.648Z,48,64.0,0,10.0,6.0,10701,5,1,0,4,0,1,0,0,1,0,0,0,1,0,0,0,0,0,0,0
6044B964-0B63-49F1-A478-9472CF57CD80,1,2018-02-21T18:50:55.342Z,57,73.0,0,10.0,5.0,10923,2,1,0,2,0,1,0,0,0,1,0,0,1,0,0,0,0,0,0,0
5e81c340-5c58-11e8-98f1-f9cb26664818,90,2018-05-20T18:05:24.725Z,73,78.0,0,20.0,14.0,10701,6,0,1,5,0,1,0,0,0,1,0,0,0,1,0,0,0,0,0,0
B1C1AEF7-C735-4FAC-90D8-320E39F68AC0,75,2018-07-24T15:22:56.979Z,87,61.0,0,10.0,10.0,94103,1,1,0,7,0,0,1,0,1,0,0,0,0,0,0,0,1,0,0,0
A8B531DE-4744-46CC-ACAF-6AFB0CC351ED,90,2018-06-27T21:26:38.182Z,60,71.0,0,10.0,10.0,7018,2,1,0,6,0,0,1,0,0,1,0,0,0,1,0,0,0,0,0,0
804BFFBC-57F7-47A8-B6DE-AB135070530E,1,2018-04-04T11:21:11.373Z,100,64.0,0,10.0,3.0,34117,2,1,0,4,0,1,0,0,0,0,1,0,1,0,0,0,0,0,0,0
3BEB6C96-7AED-488E-92CC-A90F9FFB598C,1,2018-06-29T12:57:20.195Z,73,73.0,0,10.0,6.0,10923,4,1,0,6,0,0,1,0,1,0,0,0,1,0,0,0,0,0,0,0
3458796F-39F5-488D-ACCC-535EC9AFE298,40,2018-05-01T22:27:07.387Z,40,66.0,0,10.0,9.0,95110,1,1,0,5,0,1,0,0,0,1,0,0,0,1,0,0,0,0,0,0
3AD7FABB-14E9-4E7B-88E7-4B8F5CE8AA83,32,2018-05-07T20:15:28.287Z,48,68.0,0,0.0,3.0,10901,0,1,0,5,0,1,0,0,0,1,0,0,0,1,0,0,0,0,0,0
048313B1-8AC3-4A0A-871A-4D101EC5F673,1,2018-07-02T15:15:25.593Z,55,88.0,0,10.0,3.0,10901,0,1,0,7,0,0,1,0,1,0,0,0,0,0,0,1,0,0,0,0
BCD9F733-0092-45FB-B4AF-16E976C8DDBF,75,2018-06-19T12:25:09.731Z,83,77.0,0,10.0,3.0,10993,1,1,0,6,0,0,1,0,1,0,0,0,0,1,0,0,0,0,0,0
DC35056C-C398-4949-AA6C-BFE4BCD24121,1,2018-08-05T13:49:53.378Z,78,77.0,0,10.0,4.0,10923,6,0,1,8,0,0,1,0,1,0,0,0,0,0,0,0,1,0,0,0
2B27C21D-AADE-4E37-8942-2A5C68720A0D,90,2018-07-16T10:31:38.072Z,100,69.0,0,2.0,3.0,10954,0,1,0,7,0,0,1,0,0,0,1,0,0,0,0,0,1,0,0,0
cbebf5b0-6ad0-11e7-908f-4b064f587a76,1,2017-07-17T09:17:46.507Z,87,56.0,0,10.0,6.0,98109,0,1,0,7,0,0,1,0,0,0,1,0,0,1,0,0,0,0,0,0
F3BA6D8C-7C80-4F56-8F7F-3755B9826C96,90,2018-09-17T11:39:13.473Z,87,66.0,0,10.0,2.0,7033,0,1,0,9,1,0,0,0,0,0,1,0,0,0,1,0,0,0,0,0
3471113F-C67E-4EBB-BC52-E6E770266B90,1,2018-08-24T20:49:02.850Z,43,81.0,0,10.0,6.0,10917,4,1,0,8,0,0,1,0,0,1,0,0,1,0,0,0,0,0,0,0
ea073c00-9fc0-11e8-b913-5bfb6f049d0c,40,2018-08-14T12:52:34.369Z,100,72.0,0,1.0,3.0,10701,1,1,0,8,0,0,1,0,1,0,0,0,0,0,0,0,1,0,0,0
F04DC310-3E84-477E-9692-340BCE14EF8C,0,2018-06-23T18:37:25.761Z,73,78.0,0,6.0,11.0,109012,5,1,0,6,0,0,1,0,0,1,0,0,1,0,0,0,0,0,0,0
47C3B9A2-AB52-4521-9AA7-4392852D475D,1,2018-04-23T16:28:38.504Z,52,62.0,0,10.0,10.0,7733,0,1,0,4,0,1,0,0,1,0,0,0,1,0,0,0,0,0,0,0
02D5E57C-37AA-401A-9428-1F3A8DC44664,90,2018-07-28T13:20:29.488Z,93,55.0,0,4.0,5.0,94128,5,1,0,7,0,0,1,0,1,0,0,0,0,0,0,0,1,0,0,0
C29F2FF5-0360-4713-B0E7-4A7F9B3DF858,40,2018-07-11T17:42:00.125Z,54,83.0,0,10.0,14.0,10923,2,1,0,7,0,0,1,0,1,0,0,0,0,1,0,0,0,0,0,0
B608FAB4-5A64-4B35-A590-4D73A4673EBB,75,2018-10-11T02:29:51.776Z,90,72.0,0,10.0,3.0,10901,3,1,0,10,1,0,0,0,0,0,0,1,0,1,0,0,0,0,0,0
675FBD14-8CCE-4685-875C-2061CAB654ED,40,2018-06-05T21:34:43.944Z,44,74.0,0,10.0,5.0,7733,1,1,0,6,0,0,1,0,0,1,0,0,0,1,0,0,0,0,0,0
f0d15c10-5c58-11e8-9a3b-05370ff112bf,90,2018-05-20T18:09:30.193Z,73,78.0,0,20.0,14.0,10701,6,0,1,5,0,1,0,0,0,1,0,0,0,1,0,0,0,0,0,0
A2513AAC-6DD9-47D3-ADAC-A6C8E5F62BFE,90,2018-05-02T16:14:57.307Z,81,54.0,0,7.0,9.0,95110,2,1,0,5,0,1,0,0,1,0,0,0,0,0,0,0,1,0,0,0
82ABF8F8-037E-45F6-BC6B-B45F9BE57DC6,20,2018-08-29T14:38:09.955Z,75,55.0,0,10.0,3.0,80202,2,1,0,8,0,0,1,0,1,0,0,0,0,0,0,1,0,0,0,0
555448A2-7449-40CF-A441-9E8825A0BB6B,1,2018-07-19T15:22:02.193Z,36,74.0,0,10.0,4.0,10994,3,1,0,7,0,0,1,0,1,0,0,0,1,0,0,0,0,0,0,0
FAD99F91-1ED2-4180-B2FB-F0A902169AD4,75,2018-07-20T12:32:57.281Z,61,80.0,0,10.0,9.0,75028,4,1,0,7,0,0,1,0,1,0,0,0,0,1,0,0,0,0,0,0
82A24876-7333-4404-B6EA-ACA8E83DADA7,75,2018-06-20T15:16:05.052Z,60,71.0,0,20.0,3.0,10993,2,1,0,6,0,0,1,0,1,0,0,0,0,1,0,0,0,0,0,0
25634A4C-AE03-4B5C-AB9E-2F3D7247465F,1,2018-08-27T20:10:01.399Z,13,86.0,0,10.0,8.0,80202,0,1,0,8,0,0,1,0,0,1,0,0,1,0,0,0,0,0,0,0
3124A30D-6DD6-477D-AC41-EE1D9EFCF511,1,2018-04-08T15:53:44.149Z,65,81.0,0,10.0,8.0,34105,6,0,1,4,0,1,0,0,1,0,0,0,1,0,0,0,0,0,0,0
B41056B7-5272-403B-A804-3CD7AA894B8B,1,2018-07-18T15:31:46.167Z,57,77.0,0,10.0,10.0,7430,2,1,0,7,0,0,1,0,1,0,0,0,1,0,0,0,0,0,0,0
F7888805-4CB8-41E6-A653-8A77A4EBB651,40,2018-08-23T01:09:59.433Z,78,84.0,0,0.0,3.0,33785,3,1,0,8,0,0,1,0,0,0,0,1,0,1,0,0,0,0,0,0
09967657-AB61-4833-9B26-306B85EDDC6F,1,2018-08-27T20:10:01.606Z,13,86.0,0,10.0,8.0,80202,0,1,0,8,0,0,1,0,0,1,0,0,1,0,0,0,0,0,0,0
4BDF29B7-60AC-4FD7-9C68-06AE4C764E25,40,2018-06-26T12:51:18.207Z,56,63.0,0,10.0,6.0,10923,1,1,0,6,0,0,1,0,1,0,0,0,0,1,0,0,0,0,0,0
B5A516D3-04CD-4B69-8315-15C1C5FDEE93,1,2018-04-14T15:29:59.786Z,45,67.0,0,10.0,5.0,10923,5,1,0,4,0,1,0,0,1,0,0,0,1,0,0,0,0,0,0,0
F53FC095-EDBE-4E0E-AAC7-37BC042E9C8E,1,2018-08-27T20:10:01.623Z,13,86.0,0,10.0,8.0,80202,0,1,0,8,0,0,1,0,0,1,0,0,1,0,0,0,0,0,0,0
7C4285DD-3D65-4030-B40F-F238C5D4657A,1,2017-10-18T11:07:11.808Z,65,44.0,1,10.0,5.0,10923,2,1,0,10,1,0,0,0,0,0,1,0,1,0,0,0,0,0,0,0
FE2AE1EE-F399-4740-A1D5-4E83174AF9F0,40,2017-07-08T19:15:57.889Z,51,82.0,1,10.0,14.0,10901,5,1,0,7,0,0,1,0,0,1,0,0,0,1,0,0,0,0,0,0
60982040-b73d-11e7-885e-55d0e7cc0ef0,1,2017-10-22T15:26:29.957Z,40,66.0,1,10.0,6.0,10927,6,0,1,10,1,0,0,0,1,0,0,0,1,0,0,0,0,0,0,0
87896F8D-C50B-4A6C-9ADA-20DB21DE9080,75,2017-10-16T11:20:50.138Z,67,58.0,1,10.0,14.0,10562,0,1,0,10,1,0,0,0,0,0,1,0,0,1,0,0,0,0,0,0
4DAE3DF9-A8E7-4AF7-88CF-48BFE86D05E4,1,2018-01-03T12:53:17.458Z,56,7.0,1,10.0,2.0,10901,2,1,0,1,0,0,0,1,1,0,0,0,1,0,0,0,0,0,0,0
B1EC6E33-C1E5-40B5-B45E-381B83D040E5,90,2017-05-31T03:45:34.065Z,93,56.0,1,10.0,4.0,10901,2,1,0,5,0,1,0,0,0,0,0,1,0,1,0,0,0,0,0,0
8194B26D-54C6-4CB8-A6FF-8B1B55AB8613,90,2017-08-07T13:32:53.862Z,77,67.0,1,7.0,7.0,10002,0,1,0,8,0,0,1,0,1,0,0,0,0,0,0,0,1,0,0,0
89c23a30-30ed-11e8-b523-65ce7db73f28,1,2018-03-26T12:02:21.140Z,63,27.0,1,10.0,3.0,10701,0,1,0,3,0,1,0,0,1,0,0,0,1,0,0,0,0,0,0,0
E8CFE1D7-2CC6-47A2-885E-B954C62038CF,92,2018-10-15T03:01:18.589Z,95,60.0,1,0.0,2.0,948-0082,0,1,0,10,1,0,0,0,0,0,0,1,0,1,0,0,0,0,0,0
4CFD280E-B9C8-4C11-A5EC-C3EBFBBFB1C0,90,2019-01-01T16:00:19.026Z,57,56.0,1,10.0,17.0,10923,1,1,0,1,0,0,0,1,1,0,0,0,0,1,0,0,0,0,0,0
4AB5A0AD-A3FD-4838-A8C3-67A09923F9F8,75,2018-02-22T16:17:18.604Z,75,41.0,1,10.0,5.0,10923,3,1,0,2,0,1,0,0,1,0,0,0,0,0,0,0,1,0,0,0
59A22453-FB78-44C8-BCF1-884D88C17FB1,90,2017-12-18T12:28:54.544Z,86,31.0,1,10.0,6.0,10591,0,1,0,12,0,0,0,1,1,0,0,0,0,1,0,0,0,0,0,0
1060A01C-5921-47F7-B539-1265F1DEE19A,40,2018-06-29T10:56:40.662Z,100,67.0,1,10.0,3.0,10901,4,1,0,6,0,0,1,0,0,0,1,0,0,0,1,0,0,0,0,0
1045D7E0-4630-4278-833D-E25AE9B83DC1,40,2018-08-23T01:10:09.067Z,78,84.0,1,0.0,3.0,33785,3,1,0,8,0,0,1,0,0,0,0,1,0,1,0,0,0,0,0,0
1C68FA64-B69F-48C7-9809-62EC3845F1B8,90,2017-09-18T10:46:10.625Z,100,66.0,1,2.0,2.0,10970,0,1,0,9,1,0,0,0,0,0,1,0,0,0,0,1,0,0,0,0
F3AAF8D4-1F2F-4B8A-8CFB-23AE6ABE345D,90,2017-05-30T13:10:14.271Z,87,55.0,1,5.0,8.0,10007,1,1,0,5,0,1,0,0,1,0,0,0,0,1,0,0,0,0,0,0
BC66A34D-ECE9-41F5-9521-FD443091A952,1,2017-06-26T14:26:36.843Z,40,72.0,1,10.0,8.0,7030,0,1,0,6,0,0,1,0,1,0,0,0,0,1,0,0,0,0,0,0
6E0E7DE6-78E6-436C-86F6-187AE6EFB4C9,40,2018-09-04T22:50:59.690Z,23,97.0,1,10.0,8.0,85044,1,1,0,9,1,0,0,0,0,1,0,0,0,1,0,0,0,0,0,0
2F0E7273-FFFF-4A74-AF1A-E5C5B72C4C27,75,2018-01-16T12:59:54.875Z,85,24.0,1,10.0,6.0,10591,1,1,0,1,0,0,0,1,1,0,0,0,0,1,0,0,0,0,0,0
67ED43A9-4905-4B47-B213-E7B71B746190,20,2017-06-22T21:07:28.430Z,54,83.0,1,20.0,8.0,10923,3,1,0,6,0,0,1,0,0,1,0,0,1,0,0,0,0,0,0,0
211C690B-0052-4E7F-B0E8-A778EF7C5D36,40,2018-10-22T11:08:01.935Z,80,33.0,1,10.0,6.0,7017,0,1,0,10,1,0,0,0,0,0,1,0,0,1,0,0,0,0,0,0
ADC9074A-1564-4051-B11B-95B38D325591,90,2018-09-10T11:54:49.437Z,96,57.0,1,7.0,12.0,7747,0,1,0,9,1,0,0,0,0,0,1,0,0,0,0,0,1,0,0,0
25060CD3-8858-4820-8003-5612DD5DA186,90,2019-01-12T14:06:02.914Z,56,20.0,1,10.0,6.0,10927,5,1,0,1,0,0,0,1,1,0,0,0,0,1,0,0,0,0,0,0
A6321310-BE0B-40EB-9705-42302F41F2AC,90,2018-06-28T10:28:05.355Z,100,69.0,1,5.0,4.0,10901,3,1,0,6,0,0,1,0,0,0,1,0,0,0,0,0,1,0,0,0
82FDB0D3-7F8D-410A-B884-743E38F69E70,1,2018-01-01T16:57:49.949Z,46,11.0,1,10.0,12.0,10970,0,1,0,1,0,0,0,1,1,0,0,0,0,1,0,0,0,0,0,0
680c8f00-fd1a-11e7-94d0-2301fdccf346,20,2018-01-19T13:12:31.529Z,67,18.0,1,8.0,6.0,10927,4,1,0,1,0,0,0,1,1,0,0,0,1,0,0,0,0,0,0,0
88250c90-2b69-11e8-9415-01ceeae8e2e3,1,2018-03-19T11:34:49.050Z,58,29.0,1,10.0,5.0,10927,0,1,0,3,0,1,0,0,0,0,1,0,1,0,0,0,0,0,0,0
993ebd20-a06b-11e7-aabc-6d336aab7ccf,1,2017-09-23T14:29:25.107Z,56,74.0,1,10.0,15.0,10927,5,1,0,9,1,0,0,0,1,0,0,0,1,0,0,0,0,0,0,0
1BA74319-C4BB-4BB8-870F-DB8088DEFC95,90,2018-05-13T18:17:59.087Z,81,53.0,1,8.0,8.0,10954,6,0,1,5,0,1,0,0,0,1,0,0,0,0,0,0,1,0,0,0
90C527BD-CA9B-4515-A741-43D3B67A6CFA,20,2018-09-22T12:39:43.874Z,67,68.0,1,10.0,16.0,10927,5,1,0,9,1,0,0,0,1,0,0,0,0,1,0,0,0,0,0,0
719c24a0-9dfb-11e7-a7d1-a7a1e4fdc318,40,2017-09-20T12:01:32.651Z,77,71.0,1,10.0,13.0,10927,2,1,0,9,1,0,0,0,1,0,0,0,0,1,0,0,0,0,0,0
BA690580-9BDB-44E1-A368-745C605F431E,90,2018-04-30T17:20:32.075Z,76,49.0,1,10.0,10.0,98158,0,1,0,4,0,1,0,0,1,0,0,0,0,0,0,0,1,0,0,0
FAC999A7-530D-4FE4-8AB3-44BD1B608E3D,1,2017-09-01T14:19:28.690Z,41,59.0,1,10.0,16.0,10923,4,1,0,9,1,0,0,0,1,0,0,0,1,0,0,0,0,0,0,0
7FA58F78-1315-48EB-9222-9AC4085EAE33,90,2018-05-13T17:12:08.268Z,81,53.0,1,8.0,8.0,10954,6,0,1,5,0,1,0,0,1,0,0,0,0,0,0,0,1,0,0,0
2C74454D-280F-41FD-B815-C452BEE9A330,75,2017-07-21T14:33:33.600Z,58,81.0,1,10.0,8.0,10901,4,1,0,7,0,0,1,0,1,0,0,0,1,0,0,0,0,0,0,0
14F12CB3-FCD3-4659-854C-1464B1C69027,1,2019-01-11T14:18:15.091Z,53,20.0,1,10.0,8.0,10923,4,1,0,1,0,0,0,1,1,0,0,0,1,0,0,0,0,0,0,0
7D1A7A98-0FB6-465E-9D00-7C0F387E8952,75,2017-12-25T17:03:13.892Z,50,33.0,1,9.0,12.0,12603,0,1,0,12,0,0,0,1,1,0,0,0,1,0,0,0,0,0,0,0
8e885260-2919-11e8-8935-dd3ce7aea6d7,75,2018-03-16T12:57:17.702Z,80,32.0,1,15.0,11.0,10927,4,1,0,3,0,1,0,0,1,0,0,0,0,0,0,0,0,0,1,0
E23615C1-DC3C-4669-9512-DE7A7D32C912,1,2017-09-28T18:06:47.855Z,36,75.0,1,10.0,17.0,10923,3,1,0,9,1,0,0,0,0,1,0,0,1,0,0,0,0,0,0,0
B88886AA-D120-4BD4-AF39-29B24B065144,90,2017-05-29T14:36:51.285Z,100,56.0,1,3.0,3.0,10923,0,1,0,5,0,1,0,0,1,0,0,0,0,1,0,0,0,0,0,0
2cc65bc0-0c0f-11e8-9797-2dbf24b43108,90,2018-02-07T13:59:55.041Z,68,27.0,1,2.0,10.0,10927,2,1,0,2,0,1,0,0,1,0,0,0,0,0,0,0,1,0,0,0
3AB3093B-1DCB-4747-90C2-E0FD074D3ED0,75,2018-02-14T15:05:07.239Z,74,37.0,1,9.0,5.0,10923,2,1,0,2,0,1,0,0,1,0,0,0,0,1,0,0,0,0,0,0
CFEF1CC0-982E-483F-A4F1-810CFFC17787,75,2018-09-21T16:03:43.419Z,75,69.0,1,10.0,8.0,10923,4,1,0,9,1,0,0,0,1,0,0,0,0,1,0,0,0,0,0,0
b99b7d90-5e96-11e7-86d5-01fa933c164e,75,2017-07-01T19:51:51.018Z,78,81.0,1,10.0,7.0,10927,5,1,0,7,0,0,1,0,0,1,0,0,0,0,0,0,1,0,0,0
fdd90270-26af-11e8-879e-ff6f3218c642,90,2018-03-13T11:16:35.480Z,85,33.0,1,1.0,10.0,10927,1,1,0,3,0,1,0,0,0,0,1,0,0,0,0,0,0,0,1,0
6C1A70C4-2C67-4A1F-8046-79121803B0BC,75,2017-12-05T12:32:18.859Z,81,50.0,1,10.0,9.0,10522,1,1,0,12,0,0,0,1,1,0,0,0,0,1,0,0,0,0,0,0
BE5A8C1C-6CA0-460D-B1C8-BB1E4F0579FA,90,2017-06-06T18:47:28.809Z,82,64.0,1,9.0,4.0,95113,1,1,0,6,0,0,1,0,0,1,0,0,0,1,0,0,0,0,0,0
E14F9EC6-B012-453F-BBFC-7199E9579395,5,2018-05-09T13:56:04.736Z,52,62.0,1,15.0,3.0,10901,2,1,0,5,0,1,0,0,1,0,0,0,1,0,0,0,0,0,0,0
1C8A8A09-C300-4D9D-B8C3-6F27255074BF,75,2017-12-16T21:21:58.839Z,59,35.0,1,10.0,10.0,10954,5,1,0,12,0,0,0,1,0,1,0,0,0,1,0,0,0,0,0,0
09B24C0D-F198-4C77-A2CF-E32B7F998A96,90,2018-06-13T13:26:06.861Z,88,66.0,1,10.0,4.0,10901,2,1,0,6,0,0,1,0,1,0,0,0,0,0,0,0,1,0,0,0
63473390-9955-11e7-aab1-9b08c52561c7,75,2017-09-14T14:02:47.498Z,88,71.0,1,2.0,3.0,10927,3,1,0,9,1,0,0,0,1,0,0,0,0,0,0,0,1,0,0,0
5089682B-006B-4296-8498-3DBA3655870B,75,2017-06-19T12:04:04.784Z,78,76.0,1,10.0,12.0,10701,0,1,0,6,0,0,1,0,1,0,0,0,0,1,0,0,0,0,0,0
4BA1090F-F860-4C09-A50C-D28CD01771AB,1,2018-02-19T13:18:18.631Z,86,30.0,1,10.0,4.0,10923,0,1,0,2,0,1,0,0,1,0,0,0,0,0,0,0,1,0,0,0
749FA28B-6DAB-4D12-A104-D08DC0B3034E,90,2017-12-22T21:45:20.991Z,79,41.0,1,10.0,5.0,10954,4,1,0,12,0,0,0,1,0,1,0,0,0,1,0,0,0,0,0,0
663D25FA-67FC-4B0E-8A59-C92A903CF552,75,2018-11-28T14:54:25.800Z,69,36.0,1,10.0,16.0,10923,2,1,0,11,1,0,0,0,1,0,0,0,0,1,0,0,0,0,0,0
DA3F6F90-2528-4097-87A3-81CD0F0AC912,90,2018-09-28T11:07:12.086Z,93,57.0,1,9.0,8.0,10923,4,1,0,9,1,0,0,0,0,0,1,0,0,0,0,0,1,0,0,0
9796FA8F-B60C-4BBD-8E94-5FEC058F8F7F,92,2018-10-15T03:01:18.062Z,95,60.0,1,0.0,2.0,948-0082,0,1,0,10,1,0,0,0,0,0,0,1,0,1,0,0,0,0,0,0
883794BE-E950-408E-84F2-A4978BDB07B6,75,2017-06-17T23:01:32.880Z,88,71.0,1,10.0,5.0,12603,5,1,0,6,0,0,1,0,0,0,0,1,0,1,0,0,0,0,0,0
39E0D631-7450-4BC1-B74A-C11459CC9262,90,2018-02-20T11:57:20.723Z,100,45.0,1,1.0,3.0,10956,1,1,0,2,0,1,0,0,0,0,1,0,0,0,0,0,1,0,0,0
06A0C4DB-A739-44A7-9D36-08317CE1ECD3,75,2018-07-27T14:16:20.111Z,87,55.0,1,10.0,10.0,94102,4,1,0,7,0,0,1,0,1,0,0,0,0,0,0,0,1,0,0,0
F0210976-4F03-40FE-A142-D5ACAADCD418,90,2018-11-06T11:57:20.126Z,100,48.0,1,1.0,2.0,10923,1,1,0,11,1,0,0,0,0,0,1,0,0,0,0,0,1,0,0,0
113784CB-2A42-4557-B3C7-0544EF3819C7,75,2018-10-04T13:43:57.384Z,87,61.0,1,10.0,5.0,10923,3,1,0,10,1,0,0,0,1,0,0,0,0,0,0,0,1,0,0,0
FA578D86-0AE3-4679-B098-AF5B52872054,1,2017-06-24T21:32:14.371Z,33,83.0,1,10.0,10.0,10977,5,1,0,6,0,0,1,0,0,1,0,0,1,0,0,0,0,0,0,0
AF8AC4E3-48A7-4A3C-8408-C409643894C0,90,2017-09-30T22:03:37.204Z,76,53.0,1,10.0,8.0,12603,5,1,0,9,1,0,0,0,0,1,0,0,0,1,0,0,0,0,0,0
f9999e20-ebe2-11e7-ba0c-a37cf8f6d6f8,20,2017-12-28T15:22:54.120Z,43,13.0,1,10.0,22.0,10927,3,1,0,12,0,0,0,1,1,0,0,0,0,1,0,0,0,0,0,0
41F3F63D-D7EE-4C7B-958E-414C89B37170,1,2018-02-02T13:16:33.578Z,73,26.0,1,10.0,8.0,10923,4,1,0,2,0,1,0,0,1,0,0,0,0,1,0,0,0,0,0,0
2B67FBC6-CEC8-4F82-8F0B-C6635ED777E4,75,2019-01-10T15:03:30.667Z,53,31.0,1,10.0,12.0,10923,3,1,0,1,0,0,0,1,1,0,0,0,0,0,0,0,1,0,0,0
eb921900-585e-11e7-abd0-57f7b9979055,75,2017-06-23T21:57:16.049Z,78,82.0,1,20.0,8.0,10923,4,1,0,6,0,0,1,0,0,1,0,0,0,0,0,0,1,0,0,0
59A36F62-B9DC-465E-8207-CEEB022B42B8,90,2018-11-27T11:42:27.960Z,80,39.0,1,10.0,9.0,10923,1,1,0,11,1,0,0,0,0,0,1,0,0,0,0,0,1,0,0,0
45FD33B6-80FC-4126-A249-3970DE758431,1,2018-10-05T11:10:53.145Z,86,56.0,1,10.0,13.0,10923,4,1,0,10,1,0,0,0,0,0,1,0,1,0,0,0,0,0,0,0
817361B5-6D0B-4B4E-AD4A-C586490064D0,1,2017-06-12T02:25:02.454Z,39,80.0,1,10.0,4.0,10901,0,1,0,6,0,0,1,0,0,0,0,1,1,0,0,0,0,0,0,0
2D44F7DD-ADC7-4969-B8AF-AB0F01696F63,75,2017-11-13T12:19:26.277Z,55,39.0,1,10.0,13.0,10562,0,1,0,11,1,0,0,0,1,0,0,0,0,1,0,0,0,0,0,0
800445CF-46DE-44ED-86E3-1A041F6CF9C3,90,2018-09-09T13:25:52.519Z,74,54.0,1,10.0,5.0,10993,6,0,1,9,1,0,0,0,1,0,0,0,0,0,0,0,1,0,0,0
B0E4BE1D-A924-4E77-B695-F2EA9B7CEBC9,90,2018-10-02T14:24:42.512Z,90,66.0,1,6.0,8.0,10923,1,1,0,10,1,0,0,0,1,0,0,0,0,0,0,0,1,0,0,0
E5098EDC-4565-4454-9063-35AAC5E8A478,90,2018-10-13T15:20:37.786Z,92,47.0,1,10.0,5.0,10923,5,1,0,10,1,0,0,0,1,0,0,0,0,0,0,0,1,0,0,0
4125B8B9-0328-431C-A7AA-0FC5198D85C1,1,2017-11-28T14:09:44.704Z,55,37.0,1,10.0,6.0,10007,1,1,0,11,1,0,0,0,1,0,0,0,0,1,0,0,0,0,0,0
CF9B16B9-1C21-451C-A6A4-7A49A0A6E403,90,2018-11-16T12:31:41.598Z,92,33.0,1,2.0,17.0,10923,4,1,0,11,1,0,0,0,1,0,0,0,0,0,0,0,1,0,0,0
E5C77B6D-63CB-41C9-82DD-202007CC62FD,1,2017-07-18T20:51:36.940Z,55,86.0,1,10.0,10.0,10901,1,1,0,7,0,0,1,0,0,1,0,0,0,1,0,0,0,0,0,0
FFE56B44-812E-4D74-87F2-F9BC026FAC9A,40,2018-12-23T00:18:22.208Z,59,41.0,1,10.0,25.0,10989,6,0,1,12,0,0,0,1,0,0,0,1,0,1,0,0,0,0,0,0
19ABE3BD-BA48-4000-985D-BD670F93EFAF,1,2017-06-11T19:31:36.480Z,31,90.0,1,10.0,9.0,7002,6,0,1,6,0,0,1,0,0,1,0,0,0,1,0,0,0,0,0,0
8713E80D-9184-49E7-A023-4B36AAA9F351,1,2017-11-27T12:14:47.254Z,64,36.0,1,10.0,5.0,10562,0,1,0,11,1,0,0,0,1,0,0,0,0,1,0,0,0,0,0,0
87CD621C-0123-4424-ADC6-C1D40DAE5AFD,90,2019-01-09T13:42:07.983Z,59,40.0,1,10.0,19.0,10923,2,1,0,1,0,0,0,1,1,0,0,0,0,0,0,0,1,0,0,0
90A2BD16-322B-4D6D-966D-D499A2FC3FFB,90,2019-01-05T13:59:59.297Z,92,41.0,1,2.0,12.0,10927,5,1,0,1,0,0,0,1,1,0,0,0,0,0,0,0,1,0,0,0
375E09F5-A658-4090-ABA4-BB33F65A50D4,75,2017-11-02T12:23:34.453Z,93,54.0,1,0.0,5.0,10923,3,1,0,11,1,0,0,0,1,0,0,0,0,1,0,0,0,0,0,0
b0fe6350-8e57-11e7-ab57-434a57339273,1,2017-08-31T14:21:34.086Z,60,73.0,1,10.0,13.0,10927,3,1,0,8,0,0,1,0,1,0,0,0,0,1,0,0,0,0,0,0
C73D0E2D-FBF4-4E15-A2CC-7464AA8A6C06,90,2018-04-30T09:22:58.586Z,56,45.0,1,10.0,9.0,7114,0,1,0,4,0,1,0,0,0,0,1,0,0,0,0,0,1,0,0,0
1FAFE53A-5C7F-4C25-A8D6-166A433E8948,5,2018-01-31T18:11:32.288Z,45,26.0,1,20.0,8.0,10923,2,1,0,1,0,0,0,1,0,1,0,0,1,0,0,0,0,0,0,0
99ba1080-f221-11e7-99cb-c3cfe3431597,20,2018-01-05T14:06:18.562Z,50,8.0,1,10.0,25.0,10927,4,1,0,1,0,0,0,1,1,0,0,0,0,1,0,0,0,0,0,0
24768A62-1467-4DC7-AE2B-2DCEF731C509,40,2018-08-13T01:29:51.577Z,94,74.0,1,10.0,13.0,10901,0,1,0,8,0,0,1,0,0,0,0,1,0,0,0,0,1,0,0,0
7808096F-FB49-4170-962F-18C2ACF5FED8,90,2019-01-08T13:34:53.709Z,100,39.0,1,1.0,3.0,07733,1,1,0,1,0,0,0,1,1,0,0,0,0,0,0,0,1,0,0,0
A96D97BC-DF17-44D2-8A1E-07D59E9283E8,1,2017-10-21T15:59:32.919Z,28,69.0,1,10.0,3.0,10956,5,1,0,10,1,0,0,0,1,0,0,0,1,0,0,0,0,0,0,0
C5976E55-5275-4E9C-928F-E0CB9690A1F8,1,2017-06-27T16:28:50.538Z,56,71.0,1,10.0,3.0,7030,1,1,0,6,0,0,1,0,1,0,0,0,0,1,0,0,0,0,0,0
E2C6F5AB-B02B-4D63-98CB-A32742FAA53C,1,2018-09-29T19:44:24.996Z,60,68.0,1,10.0,2.0,12590,5,1,0,9,1,0,0,0,0,1,0,0,1,0,0,0,0,0,0,0
0C8363C6-56A4-4C07-B24F-5FC0D1F28113,1,2018-10-17T10:38:44.557Z,100,40.0,1,7.0,4.0,10923,2,1,0,10,1,0,0,0,0,0,1,0,1,0,0,0,0,0,0,0
F0B10419-941A-4EF7-B2DB-4CC668EEA341,90,2017-09-16T20:06:55.415Z,100,68.0,1,0.0,2.0,10923,5,1,0,9,1,0,0,0,0,1,0,0,1,0,0,0,0,0,0,0
B601D729-5362-43F6-9802-2C5C889B98CD,40,2018-09-06T20:40:54.809Z,59,90.0,1,10.0,9.0,10923,3,1,0,9,1,0,0,0,0,1,0,0,0,0,0,0,0,0,0,1
A9AA72BE-2BB9-4925-9C73-9AD872729FAA,75,2018-10-26T11:12:59.918Z,86,33.0,1,10.0,2.0,10923,4,1,0,10,1,0,0,0,0,0,1,0,0,1,0,0,0,0,0,0
0b597090-2202-11e8-a5e5-95dc49283092,90,2018-03-07T12:21:21.049Z,92,33.0,1,2.0,9.0,10927,2,1,0,3,0,1,0,0,1,0,0,0,0,0,0,0,0,0,1,0
d28b77e0-1ef0-11e8-aec1-55b4d838c95b,1,2018-03-03T14:40:30.814Z,60,38.0,1,10.0,11.0,10927,5,1,0,3,0,1,0,0,1,0,0,0,1,0,0,0,0,0,0,0
C9E72B86-03B2-4D0F-89BF-5B1B752B8A11,1,2017-09-28T18:06:49.931Z,36,75.0,1,10.0,17.0,10923,3,1,0,9,1,0,0,0,0,1,0,0,1,0,0,0,0,0,0,0
fb2e5b80-0a79-11e8-976c-d18004c7293c,90,2018-02-05T13:39:25.625Z,58,35.0,1,8.0,10.0,10927,0,1,0,2,0,1,0,0,1,0,0,0,1,0,0,0,0,0,0,0
CBEB158A-43B7-4ADF-AA12-1C53612F81ED,90,2017-12-23T15:35:32.465Z,93,37.0,1,2.0,8.0,10591,5,1,0,12,0,0,0,1,1,0,0,0,0,0,1,0,0,0,0,0
F8B53501-E8A8-4578-A147-4329F421229F,90,2017-07-23T13:02:09.790Z,88,73.0,1,4.0,5.0,10960,6,0,1,7,0,0,1,0,1,0,0,0,0,1,0,0,0,0,0,0
0cdd8d50-fc57-11e7-bc96-4112a1e00448,20,2018-01-18T13:54:06.630Z,67,13.0,1,10.0,8.0,10927,3,1,0,1,0,0,0,1,1,0,0,0,1,0,0,0,0,0,0,0
14A58ED8-0836-4623-B4BF-5AA819E7F9F7,75,2018-10-21T16:49:11.141Z,48,44.0,1,10.0,21.0,10993,6,0,1,10,1,0,0,0,1,0,0,0,0,1,0,0,0,0,0,0
77D103B0-9A93-496A-B418-C8E3B9FF844E,1,2017-12-31T22:27:59.966Z,43,11.0,1,10.0,5.0,10901,6,0,1,12,0,0,0,1,0,1,0,0,1,0,0,0,0,0,0,0
448DC0B8-04D5-4D45-8FCF-DED8EEBC8B7E,90,2018-09-10T17:19:16.564Z,96,63.0,1,2.0,20.0,7733,0,1,0,9,1,0,0,0,1,0,0,0,0,0,0,0,1,0,0,0
82E49C4C-E773-41E8-B24E-A1C3679C75AD,1,2017-11-25T18:55:41.406Z,35,55.0,1,10.0,11.0,10956,5,1,0,11,1,0,0,0,0,1,0,0,0,1,0,0,0,0,0,0
D0CE3082-16B9-470E-9C29-D86054D49373,1,2018-10-19T14:29:18.549Z,65,45.0,1,10.0,9.0,10567,4,1,0,10,1,0,0,0,1,0,0,0,1,0,0,0,0,0,0,0
307E13F1-0A98-4266-AD3B-645D27646174,90,2017-06-01T11:04:35.201Z,93,62.0,1,10.0,4.0,10901,3,1,0,6,0,0,1,0,0,0,1,0,0,1,0,0,0,0,0,0
63c47430-0fd5-11e8-a3de-a95bf78953b0,20,2018-02-12T09:16:21.107Z,51,36.0,1,10.0,9.0,98109,0,1,0,2,0,1,0,0,0,0,1,0,0,1,0,0,0,0,0,0
A06AA9D4-2901-4FDA-9785-1DD70CC92AC7,90,2017-06-08T02:15:22.642Z,87,64.0,1,7.0,4.0,95113,3,1,0,6,0,0,1,0,0,0,0,1,1,0,0,0,0,0,0,0
c93a45c0-1d62-11e8-a82b-612b1252bc3b,1,2018-03-01T15:11:15.520Z,62,54.0,1,10.0,5.0,10927,3,1,0,3,0,1,0,0,1,0,0,0,1,0,0,0,0,0,0,0
C87E7AE9-15E3-4E17-89A7-E81EFBE053DB,75,2018-02-15T13:19:31.778Z,93,43.0,1,1.0,3.0,10923,3,1,0,2,0,1,0,0,1,0,0,0,0,0,0,0,1,0,0,0
7eca55a0-5555-11e7-aaa5-79bc731415ba,75,2017-06-20T01:12:14.587Z,94,71.0,1,10.0,7.0,10923,1,1,0,6,0,0,1,0,0,0,0,1,0,0,0,0,1,0,0,0
C8C8E7A9-1AC8-49FF-A2E1-44ED331A222D,75,2018-12-22T15:01:15.500Z,59,42.0,1,10.0,24.0,10603,5,1,0,12,0,0,0,1,1,0,0,0,0,1,0,0,0,0,0,0
3B317F4C-239A-4773-A428-0404846FEC60,90,2018-09-20T14:20:29.720Z,70,65.0,1,10.0,3.0,10036,3,1,0,9,1,0,0,0,1,0,0,0,0,1,0,0,0,0,0,0
B5FE9CA4-7080-41CA-9871-7FD90A1D9E75,90,2018-05-13T17:12:07.810Z,81,53.0,1,8.0,8.0,10954,6,0,1,5,0,1,0,0,1,0,0,0,0,0,0,0,1,0,0,0
803D1478-D0E0-4102-B8A6-DB95A67AC86C,90,2018-05-14T13:04:36.514Z,100,53.0,1,7.0,6.0,10923,0,1,0,5,0,1,0,0,1,0,0,0,0,0,0,0,1,0,0,0
62D2C15B-DE83-4298-98F1-B70846526226,75,2018-12-08T15:01:46.946Z,68,25.0,1,10.0,3.0,10993,5,1,0,12,0,0,0,1,1,0,0,0,0,0,0,0,0,0,1,0
730CF293-963F-4F60-A6AA-8A12911F46ED,90,2018-01-24T13:53:46.908Z,56,41.0,1,10.0,18.0,7733,2,1,0,1,0,0,0,1,1,0,0,0,0,1,0,0,0,0,0,0
F23C419A-80CB-4BCE-A5B1-93C2DBB9708D,90,2018-05-13T17:12:03.665Z,81,53.0,1,8.0,8.0,10954,6,0,1,5,0,1,0,0,1,0,0,0,0,0,0,0,1,0,0,0
86A47D39-2E1A-464F-88B5-10983A589679,1,2018-03-20T10:58:39.961Z,91,27.0,1,10.0,8.0,7645,1,1,0,3,0,1,0,0,0,0,1,0,1,0,0,0,0,0,0,0
7A3B8DA4-FE4C-47CE-9DCA-E6C5482A98F2,1,2018-11-07T12:52:35.945Z,85,46.0,1,10.0,3.0,10993,2,1,0,11,1,0,0,0,1,0,0,0,1,0,0,0,0,0,0,0
35154DCC-9C17-433F-B48A-1F4ED0F9A617,90,2018-01-11T16:47:26.395Z,75,42.0,1,7.0,5.0,10923,3,1,0,1,0,0,0,1,1,0,0,0,0,0,0,1,0,0,0,0
C14E4488-578E-4B97-9FDB-90B8E2467586,75,2017-06-26T19:24:20.432Z,29,77.0,1,10.0,9.0,10901,0,1,0,6,0,0,1,0,0,1,0,0,1,0,0,0,0,0,0,0
CB858456-1539-4738-A0DE-F8E381B22464,40,2017-10-19T11:51:04.060Z,100,44.0,1,7.0,2.0,10923,3,1,0,10,1,0,0,0,0,0,1,0,1,0,0,0,0,0,0,0
FA7F49CB-F268-433B-A98F-B4592E93FAAA,75,2017-07-24T04:01:02.327Z,83,72.0,1,9.0,6.0,10901,0,1,0,7,0,0,1,0,0,0,0,1,0,0,0,0,1,0,0,0
73087C44-9F2E-42F2-8B64-672B82A33AC8,40,2017-06-20T04:07:48.184Z,100,70.0,1,10.0,5.0,10923,1,1,0,6,0,0,1,0,0,0,0,1,0,1,0,0,0,0,0,0
85C14D58-DDBF-4B0A-909A-E271DA45ED8F,1,2018-03-12T11:27:01.794Z,100,26.0,1,10.0,7.0,10977,0,1,0,3,0,1,0,0,0,0,1,0,1,0,0,0,0,0,0,0
D10D7129-46AB-4310-A884-80093D1D68E0,90,2017-10-09T12:24:12.997Z,88,73.0,1,9.0,6.0,10923,0,1,0,10,1,0,0,0,1,0,0,0,0,0,0,0,1,0,0,0
BC31342A-AD28-4C0B-83B1-429353F315E6,90,2018-09-25T15:06:23.771Z,96,59.0,1,1.0,8.0,10923,1,1,0,9,1,0,0,0,1,0,0,0,0,0,0,0,1,0,0,0
bab12ca0-2d05-11e8-a91e-7b521ba3b56d,90,2018-03-21T12:45:26.506Z,55,33.0,1,2.0,14.0,10927,2,1,0,3,0,1,0,0,1,0,0,0,0,0,0,0,0,0,1,0
A35641B6-C2C0-4E05-AFE1-79ADAD27BF51,90,2018-02-10T16:39:12.163Z,93,42.0,1,1.0,5.0,10956,5,1,0,2,0,1,0,0,1,0,0,0,0,0,0,0,1,0,0,0
CDD09461-6C89-413F-8AA2-7C5FE623D7E5,90,2017-06-07T13:48:59.141Z,67,56.0,1,10.0,9.0,7002,2,1,0,6,0,0,1,0,1,0,0,0,0,1,0,0,0,0,0,0
F07AC5CD-8F11-4A88-9448-91C28B2748E9,20,2018-02-27T23:52:24.863Z,42,50.0,1,10.0,6.0,10901,1,1,0,2,0,1,0,0,0,0,0,1,0,1,0,0,0,0,0,0
C0CC7BB8-A9DE-409E-B552-CA900DD7DFA1,90,2018-10-01T11:22:07.289Z,93,59.0,1,8.0,3.0,7652,0,1,0,10,1,0,0,0,0,0,1,0,0,1,0,0,0,0,0,0
54CE0E90-3316-4B56-8907-04E170964F81,75,2017-05-29T04:07:33.984Z,77,60.0,1,10.0,6.0,10901,0,1,0,5,0,1,0,0,0,0,0,1,0,0,0,0,1,0,0,0
84371A6B-C503-4B77-980E-69E559B94209,90,2017-12-09T21:23:43.842Z,92,29.0,1,1.0,6.0,10923,5,1,0,12,0,0,0,1,0,1,0,0,0,0,0,0,0,0,1,0
593E7382-9176-4E58-84DE-80E311817782,75,2018-02-21T12:21:30.320Z,100,57.0,1,1.0,6.0,10923,2,1,0,2,0,1,0,0,1,0,0,0,0,0,0,0,1,0,0,0
C5BBEC9A-805F-4691-850C-F078E79E384F,40,2018-10-10T14:13:31.175Z,84,72.0,1,10.0,5.0,10923,2,1,0,10,1,0,0,0,1,0,0,0,0,0,0,0,1,0,0,0
D38D0C9F-3863-445D-A7D2-5807208D4531,90,2018-05-17T11:51:21.921Z,93,57.0,1,4.0,3.0,10901,3,1,0,5,0,1,0,0,0,0,1,0,0,0,0,0,1,0,0,0
4B0B1191-0612-40DD-8D18-97127E60D74B,75,2018-11-16T17:52:06.802Z,67,41.0,1,10.0,10.0,07677,4,1,0,11,1,0,0,0,1,0,0,0,0,1,0,0,0,0,0,0
b4cecda0-1c30-11e8-85f7-5344188dbeaf,90,2018-02-28T02:40:15.231Z,100,57.0,1,3.0,9.0,72201,2,1,0,2,0,1,0,0,0,0,0,1,0,0,0,0,1,0,0,0
87e43cf0-f609-11e7-b16f-115381e4fd76,1,2018-01-10T13:24:05.313Z,85,19.0,1,10.0,3.0,10927,2,1,0,1,0,0,0,1,1,0,0,0,1,0,0,0,0,0,0,0
7770125B-DEFE-4594-9E45-3522D8AE852A,90,2018-09-25T11:47:41.623Z,96,55.0,1,4.0,9.0,10923,1,1,0,9,1,0,0,0,0,0,1,0,0,0,0,0,1,0,0,0
B551EBD0-D3B3-44B1-8142-C6EA41CC281A,1,2017-09-21T11:27:37.064Z,77,70.0,1,10.0,12.0,10522,3,1,0,9,1,0,0,0,0,0,1,0,0,1,0,0,0,0,0,0
d5030160-56db-11e7-8cfd-b73548e46803,20,2017-06-21T23:46:22.967Z,44,80.0,1,10.0,6.0,10923,2,1,0,6,0,0,1,0,0,0,0,1,0,1,0,0,0,0,0,0
6DC2B870-E479-4751-8F9D-7AB34B84909F,90,2018-09-26T11:09:32.143Z,96,68.0,1,0.0,3.0,10923,2,1,0,9,1,0,0,0,0,0,1,0,0,0,0,0,1,0,0,0
FC3A9503-3577-4305-8485-E0D95CD436A4,1,2017-09-02T14:00:29.216Z,76,57.0,1,10.0,3.0,10923,5,1,0,9,1,0,0,0,1,0,0,0,1,0,0,0,0,0,0,0
92D72557-3B05-4D34-A36E-7E637BD5260A,40,2017-09-29T16:21:21.197Z,48,63.0,1,10.0,4.0,10002,4,1,0,9,1,0,0,0,1,0,0,0,0,1,0,0,0,0,0,0
1DFAAB89-072A-4CCF-BA26-72A9F55CCC23,40,2018-10-20T18:30:25.537Z,59,61.0,1,10.0,5.0,10956,5,1,0,10,1,0,0,0,0,1,0,0,0,1,0,0,0,0,0,0
80E851BE-2568-4B8A-8330-02A59472B775,75,2018-12-22T13:29:27.403Z,79,41.0,1,5.0,20.0,10993,5,1,0,12,0,0,0,1,1,0,0,0,0,0,0,0,1,0,0,0
A443E37C-95E4-4688-A01D-A73508B09C53,1,2018-10-16T11:02:32.189Z,52,45.0,1,10.0,16.0,10927,1,1,0,10,1,0,0,0,0,0,1,0,1,0,0,0,0,0,0,0
0993D858-7457-4732-B5AE-EE27CB5E7DA9,75,2017-10-24T11:22:25.289Z,78,70.0,1,10.0,21.0,10591,1,1,0,10,1,0,0,0,0,0,1,0,0,1,0,0,0,0,0,0
4C1D045B-E3A1-41E9-A534-63056D39D4C3,20,2018-07-27T22:36:06.199Z,68,71.0,1,10.0,21.0,94107,4,1,0,7,0,0,1,0,0,1,0,0,0,1,0,0,0,0,0,0
F3AFCADE-B67A-42D3-93C6-254260E1373D,20,2018-12-26T22:36:16.688Z,56,37.0,1,10.0,8.0,10970,2,1,0,12,0,0,0,1,0,1,0,0,0,1,0,0,0,0,0,0
90608950-BDF1-4956-AA0B-B803EA32407F,1,2017-07-31T01:39:44.164Z,68,70.0,1,10.0,2.0,10989,0,1,0,7,0,0,1,0,0,0,0,1,1,0,0,0,0,0,0,0
BC6518CC-A12E-4C39-A152-55F06C09764C,1,2017-10-10T11:02:03.927Z,88,63.0,1,10.0,3.0,10923,1,1,0,10,1,0,0,0,0,0,1,0,0,1,0,0,0,0,0,0
04b593d0-5dd7-11e7-8932-b96748e46eb9,75,2017-06-30T20:59:33.646Z,66,87.0,1,15.0,6.0,10927,4,1,0,6,0,0,1,0,0,1,0,0,0,1,0,0,0,0,0,0
24C7215E-5273-4D54-944D-2C5DD34BF063,90,2018-12-30T22:34:12.406Z,75,32.0,1,10.0,4.0,12603,6,0,1,12,0,0,0,1,0,1,0,0,0,1,0,0,0,0,0,0
2dffc920-489e-11e7-accd-d1188fe465f0,40,2017-06-03T20:49:47.187Z,30,72.0,1,10.0,13.0,10923,5,1,0,6,0,0,1,0,0,1,0,0,1,0,0,0,0,0,0,0
C5C1F774-946F-4EA8-AE62-BA1CD724BCBA,1,2018-12-12T13:35:28.760Z,68,32.0,1,9.0,6.0,10993,2,1,0,12,0,0,0,1,1,0,0,0,1,0,0,0,0,0,0,0
7662929D-EA88-4876-937B-DC037ABAD567,90,2018-11-27T18:34:45.497Z,55,42.0,1,10.0,16.0,07677,1,1,0,11,1,0,0,0,0,1,0,0,0,0,0,0,1,0,0,0
E72EAA44-43D9-4CBE-AC95-9BEB1A314816,1,2017-11-23T23:51:49.195Z,61,35.0,1,10.0,3.0,10989,3,1,0,11,1,0,0,0,0,0,0,1,1,0,0,0,0,0,0,0
5f159ad0-6ad1-11e7-908f-4b064f587a76,1,2017-07-17T09:21:53.405Z,87,56.0,1,10.0,6.0,98109,0,1,0,7,0,0,1,0,0,0,1,0,0,1,0,0,0,0,0,0
f81ef890-2136-11e8-943e-89e4a17273e5,1,2018-03-06T12:07:40.954Z,80,27.0,1,10.0,8.0,10927,1,1,0,3,0,1,0,0,1,0,0,0,1,0,0,0,0,0,0,0
0A70BD70-1425-4A54-A085-59EBADD00A98,90,2017-06-14T14:16:28.604Z,64,72.0,1,10.0,4.0,10018,2,1,0,6,0,0,1,0,1,0,0,0,0,1,0,0,0,0,0,0
7278e460-4591-11e8-8d30-9d937caa58e6,1,2018-04-21T18:26:02.791Z,26,57.0,1,10.0,13.0,10701,5,1,0,4,0,1,0,0,0,1,0,0,1,0,0,0,0,0,0,0
1FDB3183-7D35-4C78-BD1D-790B12A727E0,20,2017-10-06T15:15:07.932Z,68,72.0,1,10.0,5.0,10923,4,1,0,10,1,0,0,0,1,0,0,0,0,1,0,0,0,0,0,0
A130B6AA-B250-4F3F-B701-93136C243F9F,90,2019-01-10T16:16:20.715Z,48,31.0,1,10.0,21.0,10923,3,1,0,1,0,0,0,1,1,0,0,0,0,0,0,0,1,0,0,0
03567C18-EC38-4A51-AD35-65D8ADACF0EF,90,2017-12-05T16:23:52.157Z,87,55.0,1,10.0,4.0,10002,1,1,0,12,0,0,0,1,1,0,0,0,0,1,0,0,0,0,0,0
D260C20D-9972-4255-9F0E-DAEF4DD1CF71,90,2018-12-06T19:59:49.145Z,49,38.0,1,10.0,12.0,10001,3,1,0,12,0,0,0,1,0,1,0,0,0,0,0,0,1,0,0,0
4B1DF3B2-C86B-466C-81CB-44D07A58C35A,1,2018-12-01T17:18:37.584Z,85,41.0,1,10.0,3.0,10923,5,1,0,12,0,0,0,1,1,0,0,0,1,0,0,0,0,0,0,0
E8DC9365-C02F-4744-ADAA-A276B67CC046,1,2017-07-11T14:36:15.840Z,61,77.0,1,10.0,6.0,7030,1,1,0,7,0,0,1,0,1,0,0,0,0,1,0,0,0,0,0,0
7F6F2F7D-E615-47D9-968D-469CDDC46211,90,2017-05-30T00:41:56.757Z,87,57.0,1,10.0,5.0,10901,1,1,0,5,0,1,0,0,0,0,0,1,0,1,0,0,0,0,0,0
D6A02002-326C-4573-B6BF-23C085561376,1,2018-01-01T17:44:58.145Z,40,14.0,1,10.0,16.0,10901,0,1,0,1,0,0,0,1,1,0,0,0,1,0,0,0,0,0,0,0
25F39CE8-797C-47AF-B8B3-0129E3083502,90,2017-06-06T20:20:22.131Z,82,57.0,1,10.0,8.0,10954,1,1,0,6,0,0,1,0,0,1,0,0,0,1,0,0,0,0,0,0
af693e60-c931-11e7-8638-59b0870a8bdf,1,2017-11-14T11:48:09.158Z,80,32.0,1,10.0,8.0,10927,1,1,0,11,1,0,0,0,0,0,1,0,0,1,0,0,0,0,0,0
3A32BD6E-265A-475C-9F72-528AE17CEA71,90,2018-12-29T15:15:33.978Z,62,47.0,1,10.0,6.0,10923,5,1,0,12,0,0,0,1,1,0,0,0,0,1,0,0,0,0,0,0
5A8C2E63-0050-463F-AFBE-B3F04E5CBB8D,1,2018-07-01T11:04:17.075Z,83,74.0,1,10.0,2.0,7430,6,0,1,7,0,0,1,0,0,0,1,0,0,0,0,0,1,0,0,0
5B656913-1C14-4213-95E6-ADF9D2662EB3,20,2018-09-22T14:04:41.664Z,58,67.0,1,10.0,17.0,10923,5,1,0,9,1,0,0,0,1,0,0,0,0,1,0,0,0,0,0,0
E8469CC6-E2A3-479E-B81B-83471EA2682E,1,2017-11-23T17:34:42.709Z,44,38.0,1,10.0,5.0,10524,3,1,0,11,1,0,0,0,1,0,0,0,1,0,0,0,0,0,0,0
CC7D2CFD-9860-473D-94D4-7B08F3B55855,90,2018-10-02T11:35:40.182Z,96,61.0,1,1.0,2.0,10923,1,1,0,10,1,0,0,0,0,0,1,0,0,0,1,0,0,0,0,0
A69B2581-BC6C-4C01-9A6D-91CA42A37CD2,75,2018-12-22T17:34:10.876Z,59,43.0,1,10.0,27.0,10710,5,1,0,12,0,0,0,1,1,0,0,0,0,1,0,0,0,0,0,0
0D4329DC-A4BE-4EED-BD85-E7C0F22FD003,20,2018-12-27T15:33:36.078Z,56,37.0,1,10.0,6.0,10970,3,1,0,12,0,0,0,1,1,0,0,0,0,1,0,0,0,0,0,0
01EAB7E7-D5EB-407A-A307-CC8CEF6AB7F0,90,2017-06-16T15:22:38.745Z,82,65.0,1,10.0,6.0,7030,4,1,0,6,0,0,1,0,1,0,0,0,0,1,0,0,0,0,0,0
B9E6AC6B-28DE-41FB-90D8-B1DBC83B915B,1,2018-01-20T16:11:10.644Z,45,44.0,1,10.0,6.0,10956,5,1,0,1,0,0,0,1,1,0,0,0,1,0,0,0,0,0,0,0
315ED7ED-A659-46F5-828F-3EDCC259C031,20,2018-10-26T19:49:55.751Z,56,47.0,1,10.0,2.0,10923,4,1,0,10,1,0,0,0,0,1,0,0,0,0,0,1,0,0,0,0
90DE13FB-6381-4866-84FB-EB9881A17630,20,2017-11-03T18:09:39.997Z,60,70.0,1,10.0,9.0,10954,4,1,0,11,1,0,0,0,0,1,0,0,0,1,0,0,0,0,0,0
8E877A6A-CA03-46A0-9393-0B05EA561946,1,2018-10-31T11:40:30.913Z,88,34.0,1,10.0,2.0,10923,2,1,0,10,1,0,0,0,0,0,1,0,1,0,0,0,0,0,0,0
FA92E6DF-11C9-4366-8CA7-0C265454D241,75,2018-03-27T11:12:21.840Z,80,29.0,1,10.0,6.0,11430,1,1,0,3,0,1,0,0,0,0,1,0,0,1,0,0,0,0,0,0
EA73B513-95DD-4912-B1DB-3DCA273E7FF3,90,2017-05-29T15:38:07.341Z,100,56.0,1,3.0,3.0,7446,0,1,0,5,0,1,0,0,1,0,0,0,0,1,0,0,0,0,0,0
ABDA9F52-4E01-41B9-8B20-0B48F28D1CDB,1,2017-06-22T11:30:55.560Z,68,64.0,1,10.0,4.0,10701,3,1,0,6,0,0,1,0,0,0,1,0,0,1,0,0,0,0,0,0
3F9B9003-7440-41A8-B0C0-C0E618ACB034,1,2019-01-04T18:02:25.395Z,59,42.0,1,10.0,10.0,07677,4,1,0,1,0,0,0,1,0,1,0,0,1,0,0,0,0,0,0,0
8D5449E4-0499-4846-8313-AC392C6C74A9,90,2017-07-27T10:56:33.303Z,100,62.0,1,10.0,3.0,10927,3,1,0,7,0,0,1,0,0,0,1,0,0,1,0,0,0,0,0,0
A4C552F0-2942-4DA2-B50D-8F8B9BB52091,20,2018-09-22T18:36:49.064Z,50,68.0,1,10.0,13.0,10549,5,1,0,9,1,0,0,0,0,1,0,0,0,1,0,0,0,0,0,0
64308704-CADF-43F1-AB62-C81833F09FD1,40,2017-09-15T18:58:16.722Z,69,78.0,1,10.0,3.0,12533,4,1,0,9,1,0,0,0,0,1,0,0,0,1,0,0,0,0,0,0
C65C303C-839C-415A-8548-6F39B4C9B042,1,2018-03-18T13:43:17.581Z,35,26.0,1,10.0,8.0,10989,6,0,1,3,0,1,0,0,1,0,0,0,1,0,0,0,0,0,0,0
D95A279C-32EF-4885-BF2E-1D4A0DD373F6,90,2017-10-26T19:48:13.576Z,58,55.0,1,10.0,10.0,7747,3,1,0,10,1,0,0,0,0,1,0,0,1,0,0,0,0,0,0,0
E4661313-9F1C-4C6B-A86A-61873C2E23B2,1,2019-01-13T19:20:55.215Z,30,30.0,1,10.0,10.0,10923,6,0,1,1,0,0,0,1,0,1,0,0,1,0,0,0,0,0,0,0
E4620A7E-7701-464C-A80B-110EE147EE10,1,2018-12-01T19:25:04.812Z,64,40.0,1,10.0,3.0,12601,5,1,0,12,0,0,0,1,0,1,0,0,1,0,0,0,0,0,0,0
7801B07F-C73A-4EA7-81DC-92E495A5155E,75,2017-06-03T16:08:13.555Z,40,64.0,1,10.0,12.0,10960,5,1,0,6,0,0,1,0,1,0,0,0,0,1,0,0,0,0,0,0
efd9f770-23a7-11e8-be98-b79d93696854,40,2018-03-09T14:41:22.536Z,69,32.0,1,10.0,14.0,10927,4,1,0,3,0,1,0,0,1,0,0,0,0,0,0,0,0,0,1,0
8FA36E55-492A-4FCF-8B78-9A35CBA344CC,1,2017-12-07T16:15:47.820Z,41,41.0,1,10.0,9.0,10923,3,1,0,12,0,0,0,1,1,0,0,0,0,1,0,0,0,0,0,0
6C4D6A53-8986-45A1-A185-0F1C8E273CCA,90,2017-05-30T13:10:11.539Z,87,55.0,1,5.0,8.0,10002,1,1,0,5,0,1,0,0,1,0,0,0,0,1,0,0,0,0,0,0
D8E97E52-955E-45BB-87E8-C7DA272C7432,1,2017-09-29T10:41:31.050Z,71,49.0,1,10.0,3.0,10927,4,1,0,9,1,0,0,0,0,0,1,0,0,1,0,0,0,0,0,0
CE1A36BF-D27B-422C-8445-1B7D007EB6E4,40,2018-12-08T16:12:21.998Z,62,29.0,1,10.0,4.0,10923,5,1,0,12,0,0,0,1,1,0,0,0,0,0,0,0,0,0,1,0
429B0929-5DF7-4BBB-83B5-AF5447E15807,90,2018-06-10T13:33:26.285Z,43,65.0,1,10.0,9.0,10901,6,0,1,6,0,0,1,0,1,0,0,0,0,0,0,0,1,0,0,0
3E460211-0462-455C-98AA-7507D9121750,90,2018-09-10T22:05:42.392Z,93,60.0,1,3.0,6.0,7652,0,1,0,9,1,0,0,0,0,1,0,0,0,0,0,0,1,0,0,0
4B861D69-A0B0-409E-AF22-ECA05FBFB9A6,20,2017-10-25T12:01:35.495Z,87,53.0,1,10.0,8.0,10923,2,1,0,10,1,0,0,0,1,0,0,0,0,1,0,0,0,0,0,0
0D961A90-E453-4F9D-8DFF-2BB48D0033F6,90,2017-11-09T12:32:02.178Z,100,34.0,1,0.0,1.0,10923,3,1,0,11,1,0,0,0,1,0,0,0,0,1,0,0,0,0,0,0
16b65900-47b2-11e8-ac1f-75495df9c8b2,1,2018-04-24T11:24:44.561Z,93,39.0,1,10.0,3.0,10701,1,1,0,4,0,1,0,0,0,0,1,0,0,0,1,0,0,0,0,0
5B612FF5-0ABA-46DF-BFA6-6B18E9416A06,75,2017-11-20T15:45:27.801Z,45,40.0,1,10.0,17.0,10002,0,1,0,11,1,0,0,0,1,0,0,0,1,0,0,0,0,0,0,0
404E4221-F72C-4477-A6EC-9BE16A349A2F,1,2017-10-18T12:22:54.516Z,65,44.0,1,10.0,5.0,10923,2,1,0,10,1,0,0,0,1,0,0,0,1,0,0,0,0,0,0,0
41F4347E-6316-4428-850A-1111CAE1065F,1,2018-09-24T11:43:15.866Z,77,56.0,1,10.0,8.0,7066,0,1,0,9,1,0,0,0,0,0,1,0,1,0,0,0,0,0,0,0
0DE7EA1E-BF23-4C5C-A21C-1035D5348BC1,90,2018-01-17T13:31:05.144Z,89,31.0,1,1.0,3.0,10923,2,1,0,1,0,0,0,1,1,0,0,0,0,1,0,0,0,0,0,0
1A7DBD92-8409-4134-9C5A-70751D267445,90,2017-05-28T17:54:08.015Z,68,71.0,1,20.0,11.0,10923,6,0,1,5,0,1,0,0,1,0,0,0,0,1,0,0,0,0,0,0
5552FA54-EF11-4888-977E-1B88A0B62E77,20,2017-07-12T11:08:40.282Z,94,71.0,1,5.0,3.0,10562,2,1,0,7,0,0,1,0,0,0,1,0,0,1,0,0,0,0,0,0
40D198B3-654E-4613-B1C3-92E9CE4F49AF,1,2017-06-09T01:39:01.579Z,58,60.0,1,10.0,2.0,10960,4,1,0,6,0,0,1,0,0,0,0,1,1,0,0,0,0,0,0,0
638105D6-F348-45AE-9FE9-1CBD0D60F049,90,2017-10-12T11:43:06.660Z,82,55.0,1,10.0,16.0,10522,3,1,0,10,1,0,0,0,0,0,1,0,0,1,0,0,0,0,0,0
e16a5790-f150-11e7-aa07-2b123bcc26bc,90,2018-01-04T13:12:13.962Z,92,22.0,1,1.0,28.0,10927,3,1,0,1,0,0,0,1,1,0,0,0,0,0,0,0,0,0,1,0
82CAA417-7950-4032-A659-2047FD125007,1,2018-01-03T14:50:55.566Z,48,16.0,1,10.0,4.0,10006,2,1,0,1,0,0,0,1,1,0,0,0,1,0,0,0,0,0,0,0
dafbf190-c084-11e7-9e5f-af697887e27f,1,2017-11-03T10:50:50.026Z,100,59.0,1,2.0,4.0,10927,4,1,0,11,1,0,0,0,0,0,1,0,0,1,0,0,0,0,0,0
33E1EA17-7CD3-4744-835E-F592B8C34004,90,2017-06-01T02:59:27.896Z,93,62.0,1,10.0,4.0,10901,3,1,0,6,0,0,1,0,0,0,0,1,0,0,0,0,1,0,0,0
64E93CE7-47D6-4E59-9A8B-9458C462B33A,90,2018-05-13T20:56:36.668Z,87,53.0,1,10.0,4.0,10989,6,0,1,5,0,1,0,0,0,1,0,0,0,0,0,0,1,0,0,0
81CA0923-A9EC-4B97-ABA7-19D00F059C5C,1,2017-08-28T13:36:08.427Z,77,59.0,1,10.0,6.0,10452,0,1,0,8,0,0,1,0,1,0,0,0,0,1,0,0,0,0,0,0
FF8ACE27-429C-4F4C-AE01-D1330194E4EA,75,2017-12-17T18:30:00.205Z,58,29.0,1,10.0,1.0,12524,6,0,1,12,0,0,0,1,0,1,0,0,0,1,0,0,0,0,0,0
7113994C-D4C6-4707-A9A0-0A66A12D2B47,92,2018-10-15T03:01:18.220Z,95,60.0,1,0.0,2.0,948-0082,0,1,0,10,1,0,0,0,0,0,0,1,0,1,0,0,0,0,0,0
13FC4D40-FD2F-43F4-ABD8-BBBCFD3859D8,75,2018-09-23T12:34:16.734Z,71,56.0,1,10.0,5.0,10993,6,0,1,9,1,0,0,0,1,0,0,0,0,0,0,0,1,0,0,0
1e921860-bef7-11e7-8d6e-8fcb78566a93,1,2017-11-01T11:23:43.719Z,74,37.0,1,10.0,2.0,10927,2,1,0,11,1,0,0,0,0,0,1,0,0,1,0,0,0,0,0,0
DD208A8A-4D95-4B70-9103-537DEEBF58F7,75,2018-09-24T18:50:44.541Z,72,68.0,1,10.0,11.0,7733,0,1,0,9,1,0,0,0,0,1,0,0,0,1,0,0,0,0,0,0
344900A9-BA4E-443C-9ACD-83D71D5279D7,1,2018-01-14T19:36:47.851Z,29,23.0,1,10.0,17.0,10923,6,0,1,1,0,0,0,1,0,1,0,0,1,0,0,0,0,0,0,0
CBBB4E93-D377-42F4-9070-32E3E076D201,20,2018-12-13T11:29:12.096Z,54,30.0,1,10.0,9.0,10993,3,1,0,12,0,0,0,1,0,0,1,0,0,1,0,0,0,0,0,0
29e14870-516b-11e7-b1b1-77126e6b71b6,1,2017-06-15T01:37:16.408Z,59,71.0,1,10.0,6.0,10923,3,1,0,6,0,0,1,0,0,0,0,1,1,0,0,0,0,0,0,0
03817C89-1E06-492A-A5ED-AFDE8612C06E,40,2018-02-03T16:01:07.035Z,62,21.0,1,20.0,13.0,10956,5,1,0,2,0,1,0,0,1,0,0,0,1,0,0,0,0,0,0,0
75EB9D2F-16C1-4EA3-A69C-C6144A89FDDD,90,2018-10-04T09:48:22.105Z,100,55.0,1,1.0,2.0,10923,3,1,0,10,1,0,0,0,0,0,1,0,0,0,1,0,0,0,0,0
7A43B99E-8E43-4DB6-8617-7E0246065031,1,2018-11-22T14:41:35.805Z,44,19.0,1,10.0,17.0,10993,3,1,0,11,1,0,0,0,1,0,0,0,1,0,0,0,0,0,0,0
AAD0E256-7748-4143-BC71-7114D3ABE78D,1,2018-04-23T10:48:10.270Z,77,37.0,1,10.0,2.0,10954,0,1,0,4,0,1,0,0,0,0,1,0,1,0,0,0,0,0,0,0
E75AE9BB-887E-4569-ADDF-3BC069B294FC,1,2018-07-19T13:28:16.322Z,49,69.0,1,10.0,9.0,10901,3,1,0,7,0,0,1,0,1,0,0,0,1,0,0,0,0,0,0,0
83F67B09-96B6-49E2-95E4-3EC9760385F8,90,2018-10-12T11:55:18.222Z,77,58.0,1,10.0,21.0,10920,4,1,0,10,1,0,0,0,0,0,1,0,0,0,0,0,1,0,0,0
944c97c0-2f8a-11e8-a339-a38e4cbff0fa,1,2018-03-24T17:41:27.484Z,29,46.0,1,10.0,13.0,10701,5,1,0,3,0,1,0,0,1,0,0,0,1,0,0,0,0,0,0,0
F4C624E4-286F-4030-AE40-5F54296A77F0,90,2017-08-15T11:08:43.491Z,88,68.0,1,10.0,4.0,10562,1,1,0,8,0,0,1,0,0,0,1,0,0,1,0,0,0,0,0,0
1EC57706-849C-4961-BBDA-A5AD07BB4461,1,2017-10-20T11:39:17.507Z,76,50.0,1,10.0,3.0,10923,4,1,0,10,1,0,0,0,0,0,1,0,1,0,0,0,0,0,0,0
0dfdd420-5dd7-11e7-8932-b96748e46eb9,75,2017-06-30T20:59:49.218Z,66,87.0,1,15.0,6.0,10927,4,1,0,6,0,0,1,0,0,1,0,0,0,1,0,0,0,0,0,0
4A62959E-F713-45C2-BB0D-DCD19907B024,90,2018-05-22T20:40:32.444Z,87,58.0,1,6.0,6.0,10901,1,1,0,5,0,1,0,0,0,1,0,0,0,0,0,0,1,0,0,0
5644fde0-c2e9-11e7-a156-5d8d1afbe51f,90,2017-11-06T11:55:08.862Z,88,62.0,1,10.0,9.0,10927,0,1,0,11,1,0,0,0,0,0,1,0,0,0,0,0,1,0,0,0
30EA62DF-9E25-44FB-9B47-6B1F66AAB871,75,2018-06-21T11:53:24.414Z,93,66.0,1,10.0,2.0,10901,3,1,0,6,0,0,1,0,0,0,1,0,0,0,0,0,1,0,0,0
85042460-f47d-11e7-9a4c-2fac86b77a42,1,2018-01-08T14:09:19.782Z,53,19.0,1,10.0,8.0,10927,0,1,0,1,0,0,0,1,1,0,0,0,0,1,0,0,0,0,0,0
D420E8A3-1EA3-48F5-9EAA-EE955CBFA16C,1,2017-08-10T20:51:54.637Z,47,81.0,1,10.0,6.0,10016,3,1,0,8,0,0,1,0,0,1,0,0,1,0,0,0,0,0,0,0
84DA4030-0FCA-4371-8F43-EE516C6FD9B2,1,2018-12-11T11:31:12.971Z,92,21.0,1,10.0,2.0,10923,1,1,0,12,0,0,0,1,0,0,1,0,1,0,0,0,0,0,0,0
798E1840-41F2-4EB3-9779-6B58C94325EA,90,2017-06-06T12:55:41.130Z,100,55.0,1,10.0,5.0,10901,1,1,0,6,0,0,1,0,1,0,0,0,0,0,0,0,1,0,0,0
7FEF1753-787B-4273-A9F6-8C7E6E5B8A87,75,2018-09-24T00:28:01.277Z,77,61.0,1,10.0,3.0,10920,0,1,0,9,1,0,0,0,0,0,0,1,0,1,0,0,0,0,0,0
A0208198-2139-49E9-81DC-224CCFE10D1D,40,2018-10-05T17:29:25.142Z,50,66.0,1,10.0,4.0,7677,4,1,0,10,1,0,0,0,1,0,0,0,0,1,0,0,0,0,0,0
8135D5CC-52C0-4AD8-8ECB-F1D7B28156AC,20,2018-06-03T23:24:34.770Z,63,59.0,1,10.0,5.0,10018,6,0,1,6,0,0,1,0,0,0,0,1,0,1,0,0,0,0,0,0
e73502a0-1bbd-11e8-92ce-7bf5d28e1d04,1,2018-02-27T12:58:27.659Z,47,31.0,1,10.0,4.0,10927,1,1,0,2,0,1,0,0,1,0,0,0,1,0,0,0,0,0,0,0
01125B66-EB0B-455F-8672-48E6413510A5,1,2018-01-09T17:45:30.285Z,48,40.0,1,10.0,17.0,10923,1,1,0,1,0,0,0,1,1,0,0,0,0,1,0,0,0,0,0,0
8B4BAC66-9736-47CF-AB7D-210E5D855077,40,2018-09-27T11:26:54.317Z,64,58.0,1,10.0,12.0,10923,3,1,0,9,1,0,0,0,0,0,1,0,0,1,0,0,0,0,0,0
14632E2C-254F-4757-967F-4DDBDE93988D,90,2018-01-12T14:31:56.878Z,100,58.0,1,2.0,8.0,10923,4,1,0,1,0,0,0,1,1,0,0,0,0,0,0,0,1,0,0,0
992BC9A2-4A2A-487C-AC14-6F4E105BE593,1,2018-09-29T13:11:32.606Z,86,58.0,1,10.0,8.0,10927,5,1,0,9,1,0,0,0,1,0,0,0,0,0,1,0,0,0,0,0
734F599C-AB26-42BB-80CA-B3A857225DCD,90,2018-12-28T15:31:14.723Z,100,49.0,1,1.0,5.0,10954,4,1,0,12,0,0,0,1,1,0,0,0,0,0,0,0,1,0,0,0
7F873238-69B8-425C-A4FB-6058D47A2960,1,2017-06-02T21:31:51.387Z,20,73.0,1,10.0,14.0,10901,4,1,0,6,0,0,1,0,0,1,0,0,1,0,0,0,0,0,0,0
8AC4DE2F-6FF9-42FF-9FAB-1801EA629C56,1,2018-06-15T11:35:00.648Z,55,62.0,1,10.0,6.0,10901,4,1,0,6,0,0,1,0,0,0,1,0,1,0,0,0,0,0,0,0
F785FFE6-7670-4712-99EB-93D93BD3485A,90,2017-09-16T13:09:06.918Z,100,68.0,1,0.0,2.0,10923,5,1,0,9,1,0,0,0,1,0,0,0,0,1,0,0,0,0,0,0
2698BB65-BFD0-4654-9BD2-D3494A5D67B7,40,2018-12-25T14:32:36.501Z,63,35.0,1,10.0,11.0,10923,1,1,0,12,0,0,0,1,1,0,0,0,0,1,0,0,0,0,0,0
BF42FA3A-A936-4E88-91CD-CC1722A5BC5E,75,2018-10-06T18:06:17.882Z,83,64.0,1,10.0,9.0,10923,5,1,0,10,1,0,0,0,0,1,0,0,0,0,0,0,1,0,0,0
473cfad0-9e15-11e7-8bed-7584bda023cc,75,2017-09-20T15:06:28.478Z,69,75.0,1,10.0,11.0,10927,2,1,0,9,1,0,0,0,1,0,0,0,0,1,0,0,0,0,0,0
0390A93B-3969-41EB-8E3F-CAD14AB67E66,90,2018-09-10T22:33:45.866Z,93,60.0,1,1.0,9.0,10994,0,1,0,9,1,0,0,0,0,1,0,0,0,0,0,0,1,0,0,0
30747C59-8869-483D-A3F3-A64E905A5F5C,1,2018-01-19T22:20:22.529Z,60,35.0,1,10.0,4.0,10980,4,1,0,1,0,0,0,1,0,1,0,0,1,0,0,0,0,0,0,0
AD9B91D2-EC08-427C-A00D-4118DDFF09C7,1,2017-11-24T16:00:18.374Z,42,43.0,1,10.0,5.0,10994,4,1,0,11,1,0,0,0,1,0,0,0,1,0,0,0,0,0,0,0
C9E2591A-953A-402D-A622-61672EA8B95F,1,2018-11-23T20:49:01.097Z,19,30.0,1,10.0,6.0,10920,4,1,0,11,1,0,0,0,0,1,0,0,1,0,0,0,0,0,0,0
0ae247a0-3e44-11e8-a931-09b27e85cab9,40,2018-04-12T11:24:19.619Z,69,39.0,1,10.0,5.0,10701,3,1,0,4,0,1,0,0,0,0,1,0,0,0,0,0,1,0,0,0
BF9F7D37-9C96-435F-BEAF-9E691787E28B,20,2018-10-18T20:20:46.505Z,31,50.0,1,10.0,17.0,10954,3,1,0,10,1,0,0,0,0,1,0,0,0,1,0,0,0,0,0,0
116A9C18-4AC3-4C06-83DC-46FCD731776A,1,2017-09-04T14:05:45.977Z,60,67.0,1,10.0,9.0,10984,0,1,0,9,1,0,0,0,1,0,0,0,0,1,0,0,0,0,0,0
4F389E8C-6053-4202-AE80-2CFA3612F88D,90,2018-12-14T15:05:04.594Z,88,40.0,1,9.0,4.0,10954,4,1,0,12,0,0,0,1,1,0,0,0,0,0,0,0,1,0,0,0
B7C11EAA-0A1A-4DDE-88E4-57CE7A508773,90,2018-10-04T20:05:51.045Z,87,71.0,1,7.0,4.0,12590,3,1,0,10,1,0,0,0,0,1,0,0,0,0,0,0,1,0,0,0
5d925800-ee6c-11e7-bf44-8ba7144802f5,75,2017-12-31T20:51:25.185Z,47,14.0,1,10.0,18.0,10927,6,0,1,12,0,0,0,1,0,1,0,0,1,0,0,0,0,0,0,0
4096c720-1a4c-11e8-a648-4dce2c75a7a5,90,2018-02-25T16:52:23.827Z,100,41.0,1,3.0,14.0,10927,6,0,1,2,0,1,0,0,1,0,0,0,0,0,0,0,1,0,0,0
312CB0BD-9971-48F7-A187-B96E4958F0FD,1,2018-07-11T21:24:09.250Z,57,76.0,1,10.0,11.0,94085,2,1,0,7,0,0,1,0,0,1,0,0,1,0,0,0,0,0,0,0
4C27ACAB-F733-42F8-BE59-7E6603AAC078,1,2017-12-13T12:40:33.781Z,48,19.0,1,10.0,18.0,7670,2,1,0,12,0,0,0,1,1,0,0,0,1,0,0,0,0,0,0,0
4DCFBE07-4FC4-4FF8-A48D-2E5969A40E1E,75,2018-12-04T11:45:37.540Z,66,36.0,1,10.0,11.0,10923,1,1,0,12,0,0,0,1,0,0,1,0,0,1,0,0,0,0,0,0
F34DF9E0-3A95-4EB4-BFE7-97DE953BBBAA,90,2017-10-30T11:21:36.085Z,87,48.0,1,3.0,18.0,10591,0,1,0,10,1,0,0,0,0,0,1,0,0,1,0,0,0,0,0,0
6BD45ED7-0000-4B71-84CD-DFADEED22B16,90,2018-10-06T13:34:30.174Z,89,60.0,1,6.0,5.0,10927,5,1,0,10,1,0,0,0,1,0,0,0,0,0,0,0,1,0,0,0
247B477B-388C-410D-AC49-CAB9DFC126FF,1,2017-06-11T11:33:30.648Z,68,69.0,1,10.0,3.0,10901,6,0,1,6,0,0,1,0,0,0,1,0,1,0,0,0,0,0,0,0
8D2476AE-D968-4E2A-9394-03FFF682B227,90,2018-10-08T11:23:35.048Z,91,66.0,1,2.0,5.0,7016,0,1,0,10,1,0,0,0,0,0,1,0,0,0,0,0,1,0,0,0
DD488F56-F31E-4F2C-882D-0987721D1ACB,20,2017-12-21T13:51:44.909Z,73,30.0,1,10.0,5.0,10923,3,1,0,12,0,0,0,1,1,0,0,0,1,0,0,0,0,0,0,0
0A660F11-F9F1-42E9-B8A2-01E8D885713E,90,2018-09-10T11:38:13.920Z,96,55.0,1,7.0,12.0,7016,0,1,0,9,1,0,0,0,0,0,1,0,0,0,0,0,1,0,0,0
CA001E93-B6D1-4FEB-834D-29E0D59932A9,92,2018-10-15T03:01:21.625Z,95,60.0,1,0.0,2.0,948-0082,0,1,0,10,1,0,0,0,0,0,0,1,0,1,0,0,0,0,0,0
204EAFA4-047C-448F-B92C-F69BB24DA7CF,90,2018-05-12T16:27:00.238Z,93,52.0,1,10.0,4.0,10923,5,1,0,5,0,1,0,0,1,0,0,0,0,0,0,0,1,0,0,0
50017516-F510-40AB-AC77-1BC191A1414A,75,2018-11-10T20:22:49.581Z,36,41.0,1,10.0,16.0,10956,5,1,0,11,1,0,0,0,0,1,0,0,0,0,0,0,1,0,0,0
24E9C14A-D5D6-4997-950B-EBDA05382DD8,75,2017-10-24T15:47:52.783Z,73,73.0,1,10.0,14.0,10007,1,1,0,10,1,0,0,0,1,0,0,0,0,0,0,0,1,0,0,0
EB9707D9-A5CF-43C4-AB6C-1F04D6D64069,1,2017-06-27T16:43:08.962Z,56,71.0,1,10.0,6.0,10923,1,1,0,6,0,0,1,0,1,0,0,0,0,1,0,0,0,0,0,0
23672B38-81FD-4FEA-8C75-68D0E59E89DC,75,2018-02-16T12:25:06.048Z,93,51.0,1,8.0,12.0,10923,4,1,0,2,0,1,0,0,1,0,0,0,0,0,0,0,1,0,0,0
6B2D05D6-83AC-4201-AB7A-1F985BF72C2D,90,2018-06-24T01:30:09.557Z,88,65.0,1,10.0,4.0,10952,6,0,1,6,0,0,1,0,0,0,0,1,0,1,0,0,0,0,0,0
A9776D00-E22D-41BB-A809-3714E62C2E69,1,2018-12-09T14:45:04.490Z,68,26.0,1,10.0,3.0,10927,6,0,1,12,0,0,0,1,1,0,0,0,1,0,0,0,0,0,0,0
26E7CB04-04DF-425B-9828-87754FC2A3D4,1,2018-07-10T02:50:11.324Z,77,72.0,1,10.0,4.0,7430,1,1,0,7,0,0,1,0,0,0,0,1,1,0,0,0,0,0,0,0
87892949-8C47-4523-A5DB-5C81E4A6DDD9,90,2018-12-30T22:11:06.218Z,75,33.0,1,10.0,2.0,12603,6,0,1,12,0,0,0,1,0,1,0,0,0,1,0,0,0,0,0,0
15EC1E45-57DC-4723-8833-7E7016C5F812,20,2017-11-07T12:13:18.860Z,69,39.0,1,10.0,8.0,10562,1,1,0,11,1,0,0,0,1,0,0,0,0,1,0,0,0,0,0,0
69197290-516d-11e7-9098-6d44c9184f7c,5,2017-06-15T01:53:21.466Z,46,71.0,1,10.0,2.0,10923,3,1,0,6,0,0,1,0,0,0,0,1,1,0,0,0,0,0,0,0
1D619B29-6F8D-4D13-BD21-576F831D13E3,1,2017-10-26T10:29:31.079Z,66,51.0,1,10.0,8.0,7645,3,1,0,10,1,0,0,0,0,0,1,0,0,0,0,0,1,0,0,0
ad7c5b70-ddca-11e7-945a-d76d3781ada1,1,2017-12-10T16:53:42.184Z,59,34.0,1,10.0,9.0,10927,6,0,1,12,0,0,0,1,1,0,0,0,0,1,0,0,0,0,0,0
F09FFB74-CA92-4B00-8230-2E018321EF96,0,2018-06-23T18:21:21.318Z,69,79.0,1,6.0,13.0,109012,5,1,0,6,0,0,1,0,0,1,0,0,1,0,0,0,0,0,0,0
bc75b130-60bb-11e7-8441-799a20e48d26,40,2017-07-04T13:21:49.508Z,49,72.0,1,10.0,9.0,10927,1,1,0,7,0,0,1,0,1,0,0,0,0,1,0,0,0,0,0,0
52E49776-27FB-4DC5-BCA3-21EB45CC1508,1,2017-08-09T11:42:16.659Z,72,60.0,1,10.0,2.0,10923,2,1,0,8,0,0,1,0,0,0,1,0,1,0,0,0,0,0,0,0
E5050553-6F0B-4473-9487-67D3DA10C034,40,2018-05-11T11:59:54.732Z,67,58.0,1,10.0,14.0,10901,4,1,0,5,0,1,0,0,0,0,1,0,0,1,0,0,0,0,0,0
979EFC45-30BF-47E3-ADC6-DB9DD4424631,1,2017-09-02T14:01:06.579Z,76,56.0,1,10.0,3.0,10923,5,1,0,9,1,0,0,0,1,0,0,0,1,0,0,0,0,0,0,0
7f0a1bb0-ed8d-11e7-a8e6-19cf5fbb5d97,90,2017-12-30T18:16:03.600Z,85,19.0,1,1.0,5.0,10927,5,1,0,12,0,0,0,1,0,1,0,0,1,0,0,0,0,0,0,0
E218EAD9-CF7D-41FB-869C-28E5B41A2417,20,2018-04-20T15:49:44.486Z,41,42.0,1,10.0,20.0,10954,4,1,0,4,0,1,0,0,1,0,0,0,0,1,0,0,0,0,0,0
9bf033a0-993b-11e7-901d-178bfb2ba43d,90,2017-09-14T10:58:15.643Z,100,68.0,1,4.0,3.0,10927,3,1,0,9,1,0,0,0,0,0,1,0,0,0,0,0,1,0,0,0
59E4AB2C-83F6-42F6-98FC-248D0734B715,90,2018-11-13T21:09:11.250Z,68,45.0,1,10.0,5.0,10956,1,1,0,11,1,0,0,0,0,1,0,0,0,1,0,0,0,0,0,0
90096FD6-D298-4622-A1CC-26106DF3DCE4,1,2018-11-09T11:38:20.691Z,64,34.0,1,10.0,3.0,10923,4,1,0,11,1,0,0,0,0,0,1,0,1,0,0,0,0,0,0,0
37ED8D81-924D-4EDE-8A5F-CB3875747474,1,2018-06-08T11:25:08.951Z,93,58.0,1,10.0,3.0,10901,4,1,0,6,0,0,1,0,0,0,1,0,1,0,0,0,0,0,0,0
