,Unnamed: 0,Unnamed: 0.1,clouds,date,humidity,lat,location,lon,pressure,temp,type,userId,visibility,weatherCond,windDeg,windSpeed,device,zip,zipcode
0,0,01EAB7E7-D5EB-407A-A307-CC8CEF6AB7F0,90,2017-06-16T15:22:38.745Z,82,40.73,Hoboken,-74.04,1015,65.0,1,DvGx1A7L7wNN9Han9GjEm08Mb7t2,16093,,130.0,6.0,,,07310
1,1,0230E916-2DDC-4721-AC51-441FD7A60F39,90,2017-05-29T14:36:44.802Z,100,41.2,West Haverstraw,-73.99,1014,56.0,1,6eUdqOHk4YhcgJo2CqkSv8PI7ZF3,4828,,116.501,3.0,,,10923
2,2,03567C18-EC38-4A51-AD35-65D8ADACF0EF,90,2017-12-05T16:23:52.157Z,87,40.71,New York,-74.01,1022,55.0,1,KeAdoRGcxYfNNQeAfvMG5DFj5zB3,16093,,0.0,4.0,,,
3,3,03B00035-A25A-4590-94F7-090CC9E614D9,1,2017-10-31T11:39:36.937Z,75,40.92,Yonkers,-73.91,1016,43.0,1,KeAdoRGcxYfNNQeAfvMG5DFj5zB3,16093,,257.50299072265625,9.0,,,10705
4,4,04b593d0-5dd7-11e7-8932-b96748e46eb9,75,2017-06-30T20:59:33.646Z,66,41.2,Haverstraw,-73.97,1012,87.37,1,,24140,,250.0,5.82,Alexa,,10927
5,5,04e01fe0-5dcf-11e7-a931-a7582745470f,40,2017-06-30T20:02:17.951Z,49,41.2,Haverstraw,-73.97,1013,88.7,1,,16093,,210.0,16.11,Alexa,,10927
6,6,066774CF-9E45-46A8-8173-A8D415A38931,90,2017-11-13T15:00:06.457Z,81,40.71,New York,-74.01,1028,40.0,1,KeAdoRGcxYfNNQeAfvMG5DFj5zB3,9656,,0.0,4.0,,,
7,7,0689E459-C7F3-4ED7-8582-58FF1C10B3D4,75,2017-06-04T20:03:11.134Z,55,41.11,Airmont,-74.13,1014,61.0,1,fvqRYUa0YRTqDmwPkLE7nn0YrLX2,16093,,120.0,5.0,,,10901
8,8,0993D858-7457-4732-B5AE-EE27CB5E7DA9,75,2017-10-24T11:22:25.289Z,78,41.09,Sleepy Hollow,-73.87,1011,70.0,1,KeAdoRGcxYfNNQeAfvMG5DFj5zB3,16093,,160.0,21.0,,,10591
9,9,0A70BD70-1425-4A54-A085-59EBADD00A98,90,2017-06-14T14:16:28.604Z,64,40.76,Weehawken,-74.0,1016,72.0,1,fvqRYUa0YRTqDmwPkLE7nn0YrLX2,16093,,31.5002,4.0,,,10018
10,10,0A9AC29F-5A3B-4435-81EB-EEA1E0A439D7,1,2017-12-01T15:11:33.055Z,57,41.2,West Haverstraw,-73.99,1021,47.0,1,KeAdoRGcxYfNNQeAfvMG5DFj5zB3,16093,,320.0,11.0,,,10923
11,11,0D961A90-E453-4F9D-8DFF-2BB48D0033F6,90,2017-11-09T12:32:02.178Z,100,41.2,West Haverstraw,-73.99,1024,34.0,1,KeAdoRGcxYfNNQeAfvMG5DFj5zB3,402,,77.00189971923828,1.0,,,10923
12,12,0bf7cb20-9894-11e7-8905-e34c19e368d7,20,2017-09-13T14:58:48.183Z,64,41.2,Haverstraw,-73.97,1014,69.8,1,,16093,,300.0,3.36,Alexa,,10927
13,13,0dfdd420-5dd7-11e7-8932-b96748e46eb9,75,2017-06-30T20:59:49.218Z,66,41.2,Haverstraw,-73.97,1012,87.37,1,,24140,,250.0,5.82,Alexa,,10927
14,14,10359DDE-8F4D-4A07-9ED7-8F5F8F9896B8,75,2017-12-22T17:41:05.820Z,69,41.19,Mount Ivy,-74.04,1023,37.0,1,KeAdoRGcxYfNNQeAfvMG5DFj5zB3,16093,,120.0,9.0,,,10970
15,15,116A9C18-4AC3-4C06-83DC-46FCD731776A,1,2017-09-04T14:05:45.977Z,60,41.2,Thiells,-74.01,1015,67.0,2,KeAdoRGcxYfNNQeAfvMG5DFj5zB3,16093,,260.0,9.0,,,10984
16,16,15965858-8AEA-4B84-9E50-29D4DD4F51DF,90,2017-09-06T14:14:40.619Z,88,40.71,New York,-74.01,1013,67.0,1,KeAdoRGcxYfNNQeAfvMG5DFj5zB3,9656,,300.0,8.0,,,10002
17,17,15EC1E45-57DC-4723-8833-7E7016C5F812,20,2017-11-07T12:13:18.860Z,69,41.16,Ossining,-73.87,1022,39.0,1,KeAdoRGcxYfNNQeAfvMG5DFj5zB3,16093,,360.0,8.0,,,10562
18,18,1676D99B-FC5C-4771-8C66-52E848B5F0B3,90,2017-07-10T13:08:09.491Z,53,40.73,Hoboken,-74.03,1019,69.0,2,DvGx1A7L7wNN9Han9GjEm08Mb7t2,16093,,280.0,5.0,,,07310
19,19,19ABE3BD-BA48-4000-985D-BD670F93EFAF,1,2017-06-11T19:31:36.480Z,31,40.67,Bayonne,-74.12,1016,90.0,2,DvGx1A7L7wNN9Han9GjEm08Mb7t2,16093,,280.0,9.0,,,
20,20,1A7DBD92-8409-4134-9C5A-70751D267445,90,2017-05-28T17:54:08.015Z,68,41.2,West Haverstraw,-73.99,1014,71.0,2,KeAdoRGcxYfNNQeAfvMG5DFj5zB3,32186,,180.0,11.0,,,
21,21,1A9E11C6-8F6C-4C13-8430-CA708FC0A655,90,2017-05-30T13:10:16.219Z,87,40.71,New York,-74.01,1022,55.0,1,KeAdoRGcxYfNNQeAfvMG5DFj5zB3,8047,,160.0,8.0,,,10002
22,22,1C68FA64-B69F-48C7-9809-62EC3845F1B8,90,2017-09-18T10:46:10.625Z,100,41.19,Mount Ivy,-74.04,1020,66.0,2,KeAdoRGcxYfNNQeAfvMG5DFj5zB3,2816,,56.00120162963867,2.0,,,10970
23,23,1C8A8A09-C300-4D9D-B8C3-6F27255074BF,75,2017-12-16T21:21:58.839Z,59,41.1,Nanuet,-74.01,1015,35.0,1,KeAdoRGcxYfNNQeAfvMG5DFj5zB3,16093,,260.0,10.0,,,10954
24,24,1D619B29-6F8D-4D13-BD21-576F831D13E3,1,2017-10-26T10:29:31.079Z,66,41.05,Upper Saddle River,-74.07,1005,51.0,1,KeAdoRGcxYfNNQeAfvMG5DFj5zB3,16093,,317.5,8.0,,,07645
25,25,1E704B19-88E0-45EB-8AE6-577610C84AE6,40,2017-09-27T11:29:41.484Z,93,41.07,Tarrytown,-73.87,1014,66.0,2,KeAdoRGcxYfNNQeAfvMG5DFj5zB3,16093,,54.00139999389648,4.0,,,None
26,26,1EC57706-849C-4961-BBDA-A5AD07BB4461,1,2017-10-20T11:39:17.507Z,76,41.2,West Haverstraw,-73.99,1019,50.0,2,KeAdoRGcxYfNNQeAfvMG5DFj5zB3,16093,,230.0,3.0,,,10923
27,27,1FDB3183-7D35-4C78-BD1D-790B12A727E0,20,2017-10-06T15:15:07.932Z,68,41.2,West Haverstraw,-73.99,1019,72.0,1,KeAdoRGcxYfNNQeAfvMG5DFj5zB3,16093,,300.0,5.0,,,10923
28,28,1b85e070-8e3c-11e7-bd7e-576539d05eac,1,2017-08-31T11:04:06.904Z,82,41.2,Haverstraw,-73.97,1013,60.57,0,,16093,,280.0,4.7,Alexa,,
29,29,1e921860-bef7-11e7-8d6e-8fcb78566a93,1,2017-11-01T11:23:43.719Z,74,41.2,Haverstraw,-73.97,1024,37.18,1,,16093,,332.001,2.04,Alexa,,10927
30,30,218690c0-4e1b-11e7-ae62-f93346813335,40,2017-06-10T20:26:49.165Z,42,41.2,Garnerville,-74.0,1015,83.91,1,,16093,,220.0,12.75,Alexa,,10923
31,31,247B477B-388C-410D-AC49-CAB9DFC126FF,1,2017-06-11T11:33:30.648Z,68,41.11,Airmont,-74.13,1019,69.0,1,fvqRYUa0YRTqDmwPkLE7nn0YrLX2,16093,,260.0,3.0,,,10901
32,32,249e4f80-5557-11e7-aaa5-79bc731415ba,90,2017-06-20T01:24:02.296Z,94,41.2,Garnerville,-74.0,1011,70.9,1,,3219,,180.0,6.93,Alexa,,10923
33,33,24E9C14A-D5D6-4997-950B-EBDA05382DD8,75,2017-10-24T15:47:52.783Z,73,40.71,New York,-74.01,1009,73.0,1,KeAdoRGcxYfNNQeAfvMG5DFj5zB3,16093,,180.0,14.0,,,10002
34,34,25F39CE8-797C-47AF-B8B3-0129E3083502,90,2017-06-06T20:20:22.131Z,82,41.08,Nanuet,-74.01,1009,57.0,1,fvqRYUa0YRTqDmwPkLE7nn0YrLX2,16093,,130.0,8.0,,,10965
35,35,278EA763-D5BD-4D41-A937-391B0D255125,1,2017-06-14T21:34:39.796Z,42,41.11,Bardonia,-74.01,1015,81.0,2,KeAdoRGcxYfNNQeAfvMG5DFj5zB3,16093,,140.0,10.0,,,10954
36,36,28362b70-6ad0-11e7-908f-4b064f587a76,1,2017-07-17T09:13:11.847Z,87,47.63,Seattle,-122.35,1021,55.62,0,,16093,,20.0008,5.5,Alexa,,98109
37,37,29e14870-516b-11e7-b1b1-77126e6b71b6,1,2017-06-15T01:37:16.408Z,59,41.2,Garnerville,-74.0,1016,70.77,1,,16093,,150.0,5.82,Alexa,,10923
38,38,2A570C86-76C3-4CBF-A1A0-C3E3B668275A,1,2017-09-12T11:07:10.392Z,82,41.16,Ossining,-73.87,1018,54.0,1,KeAdoRGcxYfNNQeAfvMG5DFj5zB3,16093,,10.0,3.0,,,10562
39,39,2C74454D-280F-41FD-B815-C452BEE9A330,75,2017-07-21T14:33:33.600Z,58,41.11,Airmont,-74.13,1014,81.0,1,fvqRYUa0YRTqDmwPkLE7nn0YrLX2,16093,,330.0,8.0,,,10901
40,40,2CDAE86D-C2BE-469E-BBE8-89BE8E754593,75,2017-06-15T15:16:05.940Z,68,41.36,Highland Falls,-73.95,1018,69.0,2,6eUdqOHk4YhcgJo2CqkSv8PI7ZF3,32186,,0.0,5.0,,,10524
41,41,2D44F7DD-ADC7-4969-B8AF-AB0F01696F63,75,2017-11-13T12:19:26.277Z,55,41.14,Ossining,-73.87,1026,39.0,1,KeAdoRGcxYfNNQeAfvMG5DFj5zB3,16093,,70.0,13.0,,,10562
42,42,2F66D457-348B-459C-A90C-B47033FEC601,1,2017-10-27T11:16:46.203Z,80,41.2,West Haverstraw,-73.99,1017,39.0,1,KeAdoRGcxYfNNQeAfvMG5DFj5zB3,16093,,268.50299072265625,3.0,,,10923
43,43,2acb6d20-5557-11e7-aaa5-79bc731415ba,90,2017-06-20T01:24:12.658Z,94,41.2,Garnerville,-74.0,1011,70.9,1,,3219,,180.0,6.93,Alexa,,10923
44,44,2dffc920-489e-11e7-accd-d1188fe465f0,40,2017-06-03T20:49:47.187Z,30,41.2,Garnerville,-74.0,1013,72.43,1,,16093,,300.0,12.75,Alexa,,10923
45,45,307E13F1-0A98-4266-AD3B-645D27646174,90,2017-06-01T11:04:35.201Z,93,41.11,Airmont,-74.13,1015,62.0,1,fvqRYUa0YRTqDmwPkLE7nn0YrLX2,16093,,70.0,4.0,,,10901
46,46,319B435A-6B0D-43AD-8221-B3F6FC1283BC,90,2017-06-16T23:13:05.433Z,100,41.2,West Haverstraw,-73.98,1014,65.0,2,KeAdoRGcxYfNNQeAfvMG5DFj5zB3,2414,,95.5024,4.0,,,10927
47,47,32D59833-4F1A-4B5A-B918-37FE14F74D32,90,2017-06-17T21:18:10.331Z,83,41.7,Arlington,-73.88,1014,73.0,2,KeAdoRGcxYfNNQeAfvMG5DFj5zB3,16093,,0.0,5.0,,,12603
48,48,33E1EA17-7CD3-4744-835E-F592B8C34004,90,2017-06-01T02:59:27.896Z,93,41.11,Airmont,-74.13,1015,62.0,2,fvqRYUa0YRTqDmwPkLE7nn0YrLX2,16093,,70.0,4.0,,,10901
49,49,33FFDE62-A987-40DA-A8AD-1F6AEA1A7FAD,40,2017-07-17T11:11:49.085Z,100,41.11,Suffern,-74.14,1017,66.0,1,fvqRYUa0YRTqDmwPkLE7nn0YrLX2,16093,,131.502,3.0,,,10901
50,50,36F829DB-6FC0-468B-970C-46853D2F9C4A,75,2017-06-10T22:08:15.731Z,33,40.73,Bellerose Terrace,-73.74,1014,84.0,2,fvqRYUa0YRTqDmwPkLE7nn0YrLX2,16093,,270.0,8.0,,,11427
51,51,371B390D-1910-40C6-8929-CD9C8B5D4962,40,2017-06-20T11:54:35.953Z,78,41.11,Suffern,-74.14,1012,70.0,2,fvqRYUa0YRTqDmwPkLE7nn0YrLX2,24140,,260.0,9.0,,,
52,52,3747FCE1-834A-49C5-8AE9-7A94FF524AEA,90,2017-05-31T18:21:14.360Z,77,40.71,New York,-74.01,1017,66.0,2,KeAdoRGcxYfNNQeAfvMG5DFj5zB3,8047,,210.0,3.0,,,10002
53,53,375E09F5-A658-4090-ABA4-BB33F65A50D4,75,2017-11-02T12:23:34.453Z,93,41.2,West Haverstraw,-73.99,1024,54.0,1,KeAdoRGcxYfNNQeAfvMG5DFj5zB3,201,,170.0,5.0,,,10923
54,54,3AFE7FEA-C6C7-4267-B5A0-8A018EDF34DB,75,2017-07-27T11:15:28.503Z,93,41.11,Airmont,-74.13,1018,63.0,1,fvqRYUa0YRTqDmwPkLE7nn0YrLX2,16093,,222.504,3.0,,,10901
55,55,3c21df80-6981-11e7-9a49-13a7ba58ee27,40,2017-07-15T17:15:43.864Z,61,41.2,Haverstraw,-73.97,1014,80.31,1,,16093,,273.503,3.13,Alexa,,10927
56,56,404E4221-F72C-4477-A6EC-9BE16A349A2F,1,2017-10-18T12:22:54.516Z,65,41.2,West Haverstraw,-73.99,1025,44.0,1,KeAdoRGcxYfNNQeAfvMG5DFj5zB3,16093,,280.0,5.0,,,
57,57,40D198B3-654E-4613-B1C3-92E9CE4F49AF,1,2017-06-09T01:39:01.579Z,58,41.1,Upper Nyack,-73.93,1011,60.0,1,fvqRYUa0YRTqDmwPkLE7nn0YrLX2,16093,,115.002,2.0,,,
58,58,4113A4C6-2D75-46D9-8E63-B5C5790283F0,1,2017-06-04T12:17:35.425Z,51,40.69,Oak Island Junction,-74.18,1017,55.0,2,KeAdoRGcxYfNNQeAfvMG5DFj5zB3,16093,,227.508,3.0,,,07114
59,59,4125B8B9-0328-431C-A7AA-0FC5198D85C1,1,2017-11-28T14:09:44.704Z,55,40.71,New York,-74.01,1031,37.0,1,KeAdoRGcxYfNNQeAfvMG5DFj5zB3,16093,,0.0,6.0,,,10002
60,60,467317B5-A158-4831-99A7-08AA505E04B5,1,2017-12-04T12:39:12.739Z,100,41.2,West Haverstraw,-73.99,1029,31.0,1,KeAdoRGcxYfNNQeAfvMG5DFj5zB3,4828,,310.0,5.0,,,10923
61,61,473cfad0-9e15-11e7-8bed-7584bda023cc,75,2017-09-20T15:06:28.478Z,69,41.2,Haverstraw,-73.97,1012,75.42,1,,16093,,360.0,11.41,Alexa,,10927
62,62,4AD04310-7C9B-4015-92B3-AD7BEC1820CF,1,2017-12-24T20:49:20.258Z,59,41.2,West Haverstraw,-73.99,1020,38.0,1,KeAdoRGcxYfNNQeAfvMG5DFj5zB3,16093,,60.0,6.0,,,10923
63,63,4B187167-6236-4DBA-9177-9E9C7694E418,75,2017-12-12T12:55:12.505Z,86,41.07,South Nyack,-73.92,1005,41.0,1,KeAdoRGcxYfNNQeAfvMG5DFj5zB3,14484,,120.0,5.0,,,10960
64,64,4B19FF9D-C314-4E56-839B-664AAB3317FF,1,2017-09-01T14:19:25.693Z,41,41.2,West Haverstraw,-73.99,1020,59.0,1,KeAdoRGcxYfNNQeAfvMG5DFj5zB3,16093,,330.0,16.0,,,10923
65,65,4B861D69-A0B0-409E-AF22-ECA05FBFB9A6,20,2017-10-25T12:01:35.495Z,87,41.2,West Haverstraw,-73.99,1006,53.0,1,KeAdoRGcxYfNNQeAfvMG5DFj5zB3,16093,,320.0,8.0,,,10923
66,66,4C27ACAB-F733-42F8-BE59-7E6603AAC078,1,2017-12-13T12:40:33.781Z,48,40.9,Englewood Cliffs,-73.93,1001,19.0,1,KeAdoRGcxYfNNQeAfvMG5DFj5zB3,16093,,300.0,18.0,,,07670
67,67,4D712291-C08D-4573-9C02-E0986ED1A7B7,1,2017-10-31T15:50:05.356Z,37,40.73,New York,-73.99,1018,52.0,1,KeAdoRGcxYfNNQeAfvMG5DFj5zB3,16093,,0.0,5.0,,,10003
68,68,4E53E0F5-332E-4729-9BA5-36BC7302A19C,20,2017-09-13T14:58:24.978Z,64,41.2,West Haverstraw,-73.99,1014,69.0,1,6eUdqOHk4YhcgJo2CqkSv8PI7ZF3,16093,,300.0,3.0,,,10923
69,69,5089682B-006B-4296-8498-3DBA3655870B,75,2017-06-19T12:04:04.784Z,78,40.94,Yonkers,-73.9,1011,76.0,2,KeAdoRGcxYfNNQeAfvMG5DFj5zB3,16093,,201.518,12.0,,,10701
70,70,50DBD6A0-B745-4058-B52A-F06B02C138A7,1,2017-11-15T13:33:42.764Z,69,41.2,West Haverstraw,-73.99,1026,32.0,1,KeAdoRGcxYfNNQeAfvMG5DFj5zB3,16093,,10.0,5.0,,,10923
71,71,5260A45E-559B-4486-A88E-90DD2E543DC0,90,2017-07-25T13:22:45.976Z,82,40.73,Hoboken,-74.04,1019,64.0,2,DvGx1A7L7wNN9Han9GjEm08Mb7t2,16093,,40.0,4.0,,,07310
72,72,52AF776B-EDC9-4997-896C-B5574D5CD052,1,2017-06-13T11:33:59.017Z,64,40.76,Weehawken,-74.0,1015,72.0,1,fvqRYUa0YRTqDmwPkLE7nn0YrLX2,16093,,258.001,2.0,,,10018
73,73,52E49776-27FB-4DC5-BCA3-21EB45CC1508,1,2017-08-09T11:42:16.659Z,72,41.2,West Haverstraw,-73.99,1022,60.0,2,KeAdoRGcxYfNNQeAfvMG5DFj5zB3,16093,,256.5,2.0,,,10923
74,74,53BD4AE5-CAD6-4706-8959-873CA7D50CCA,90,2017-09-26T11:45:25.839Z,93,41.2,West Haverstraw,-73.99,1018,65.0,2,KeAdoRGcxYfNNQeAfvMG5DFj5zB3,402,,0.0,3.0,,,10923
75,75,54CE0E90-3316-4B56-8907-04E170964F81,75,2017-05-29T04:07:33.984Z,77,41.11,Suffern,-74.14,1014,60.0,1,fvqRYUa0YRTqDmwPkLE7nn0YrLX2,16093,,110.0,6.0,,,10901
76,76,5552FA54-EF11-4888-977E-1B88A0B62E77,20,2017-07-12T11:08:40.282Z,94,41.16,Ossining,-73.87,1016,71.0,2,KeAdoRGcxYfNNQeAfvMG5DFj5zB3,8047,,217.501,3.0,,,10562
77,77,5644fde0-c2e9-11e7-a156-5d8d1afbe51f,90,2017-11-06T11:55:08.862Z,88,41.2,Haverstraw,-73.97,1011,61.59,1,,16093,,200.0,9.17,Alexa,,10927
78,78,59A22453-FB78-44C8-BCF1-884D88C17FB1,90,2017-12-18T12:28:54.544Z,86,41.08,Tarrytown,-73.86,1020,31.0,1,KeAdoRGcxYfNNQeAfvMG5DFj5zB3,16093,,48.0181999206543,6.0,,,
79,79,5B612FF5-0ABA-46DF-BFA6-6B18E9416A06,75,2017-11-20T15:45:27.801Z,45,40.71,New York,-74.01,1018,40.0,1,KeAdoRGcxYfNNQeAfvMG5DFj5zB3,16093,,300.0,17.0,,,10002
80,80,5B9E941C-A111-4441-829C-36F2E2042CB3,1,2017-11-11T21:42:28.464Z,34,41.7,Arlington,-73.9,1033,32.0,1,KeAdoRGcxYfNNQeAfvMG5DFj5zB3,16093,,10.0,6.0,,,12603
81,81,5C46ADF1-7559-4D9D-ABF0-B9CA25D2AFDB,20,2017-12-29T16:18:32.716Z,56,41.09,West Nyack,-73.97,1024,15.0,1,KeAdoRGcxYfNNQeAfvMG5DFj5zB3,16093,,300.0,8.0,,,10994
82,82,5E4AFF11-6850-4CCB-96BA-EA1CBD38787C,1,2017-08-28T11:45:51.930Z,77,40.84,Bronx,-73.93,1026,59.0,1,KeAdoRGcxYfNNQeAfvMG5DFj5zB3,16093,,55.50490188598633,6.0,,,10452
83,83,5EAB2CF1-715A-4D6C-BE97-A9B3F975FA2F,1,2017-10-20T11:39:16.127Z,76,41.2,West Haverstraw,-73.99,1019,50.0,1,KeAdoRGcxYfNNQeAfvMG5DFj5zB3,16093,,230.0,3.0,,,10923
84,84,5c4bf7c0-e689-11e7-8777-fd0da64a37b6,1,2017-12-21T19:58:49.149Z,40,41.2,Haverstraw,-73.97,1021,38.12,1,,16093,,280.0,9.17,Alexa,,10927
85,85,5f159ad0-6ad1-11e7-908f-4b064f587a76,1,2017-07-17T09:21:53.405Z,87,47.63,Seattle,-122.35,1021,55.62,1,,16093,,20.0008,5.5,Alexa,,98109
86,86,60982040-b73d-11e7-885e-55d0e7cc0ef0,1,2017-10-22T15:26:29.957Z,40,41.2,Haverstraw,-73.97,1030,66.33,1,,16093,,150.0,5.82,Alexa,,10927
87,87,6116C39F-2B59-47DD-8A54-2380CA73675C,90,2017-05-28T01:16:40.949Z,82,41.11,Airmont,-74.13,1013,67.0,1,fvqRYUa0YRTqDmwPkLE7nn0YrLX2,16093,,0.00213623,2.0,,,10901
88,88,615C478C-774C-4255-A39D-5629DFE43311,1,2017-09-02T14:01:33.523Z,76,41.2,West Haverstraw,-73.99,1025,56.0,1,6eUdqOHk4YhcgJo2CqkSv8PI7ZF3,16093,,70.0011,3.0,,,10923
89,89,63473390-9955-11e7-aab1-9b08c52561c7,75,2017-09-14T14:02:47.498Z,88,41.2,Haverstraw,-73.97,1013,71.37,1,,3219,,180.0,3.36,Alexa,,10927
90,90,638105D6-F348-45AE-9FE9-1CBD0D60F049,90,2017-10-12T11:43:06.660Z,82,41.01,Dobbs Ferry,-73.88,1025,55.0,1,KeAdoRGcxYfNNQeAfvMG5DFj5zB3,16093,,70.0,16.0,,,10522
91,91,64308704-CADF-43F1-AB62-C81833F09FD1,40,2017-09-15T18:58:16.722Z,69,41.55,Hillside Lake,-73.78,1017,78.0,2,KeAdoRGcxYfNNQeAfvMG5DFj5zB3,16093,,0.0,3.0,,,12533
92,92,67ED43A9-4905-4B47-B213-E7B71B746190,20,2017-06-22T21:07:28.430Z,54,41.2,West Haverstraw,-73.99,1013,83.0,2,6eUdqOHk4YhcgJo2CqkSv8PI7ZF3,32186,,220.0,8.0,,,10923
93,93,69197290-516d-11e7-9098-6d44c9184f7c,5,2017-06-15T01:53:21.466Z,46,41.2,Garnerville,-74.0,1017,70.63,1,,16093,,51.502,1.79,Alexa,,10923
94,94,6C1A70C4-2C67-4A1F-8046-79121803B0BC,75,2017-12-05T12:32:18.859Z,81,41.01,Dobbs Ferry,-73.88,1025,50.0,1,KeAdoRGcxYfNNQeAfvMG5DFj5zB3,16093,,150.0,9.0,,,10522
95,95,6C4D6A53-8986-45A1-A185-0F1C8E273CCA,90,2017-05-30T13:10:11.539Z,87,40.71,New York,-74.01,1022,55.0,2,KeAdoRGcxYfNNQeAfvMG5DFj5zB3,8047,,160.0,8.0,,,
96,96,6EC7C1F2-EED6-43E8-A257-C585BA11BC29,40,2017-08-29T14:21:32.255Z,77,40.71,New York,-74.01,1024,65.0,1,KeAdoRGcxYfNNQeAfvMG5DFj5zB3,16093,,60.0,9.0,,,10002
97,97,6ca3ae80-6086-11e7-be36-e17cbde4202e,90,2017-07-04T07:00:12.265Z,94,37.77,San Francisco,-122.41,1018,61.47,0,,16093,,140.0,4.7,Alexa,,94103
98,98,6e70e110-6ad1-11e7-908f-4b064f587a76,1,2017-07-17T09:22:19.169Z,87,47.63,Seattle,-122.35,1021,55.62,0,,16093,,20.0008,5.5,Alexa,,
99,99,6eb5f050-9f8a-11e7-b2a9-8d3ab17c1352,1,2017-09-22T11:37:37.018Z,100,41.2,Haverstraw,-73.97,1018,62.37,0,,9656,,200.0,3.36,Alexa,,10927
100,100,702F35F9-417C-486C-8A75-408C31B8459D,1,2017-06-09T15:37:48.413Z,46,40.73,Hoboken,-74.03,1008,72.0,1,DvGx1A7L7wNN9Han9GjEm08Mb7t2,16093,,300.0,8.0,,,07310
101,101,706fd780-5dae-11e7-8e26-f381caef534c,40,2017-06-30T16:09:05.017Z,54,41.2,Garnerville,-74.0,1016,82.24,1,,16093,,230.0,8.05,Alexa,,
102,102,719c24a0-9dfb-11e7-a7d1-a7a1e4fdc318,40,2017-09-20T12:01:32.651Z,77,41.2,Haverstraw,-73.97,1011,71.24,1,,16093,,340.0,12.75,Alexa,,10927
103,103,73087C44-9F2E-42F2-8B64-672B82A33AC8,40,2017-06-20T04:07:48.184Z,100,41.2,West Haverstraw,-73.99,1012,70.0,2,6eUdqOHk4YhcgJo2CqkSv8PI7ZF3,16093,,190.0,5.0,,,10923
104,104,73161280-6086-11e7-be36-e17cbde4202e,90,2017-07-04T07:00:23.080Z,94,37.77,San Francisco,-122.41,1018,61.47,0,,16093,,140.0,4.7,Alexa,,
105,105,73C57677-B73F-40E3-9BE0-B2F9F9E14B5E,90,2017-06-05T23:38:58.982Z,93,41.09,Airmont,-74.14,1006,64.0,1,fvqRYUa0YRTqDmwPkLE7nn0YrLX2,11265,,80.0,11.0,,,
106,106,749FA28B-6DAB-4D12-A104-D08DC0B3034E,90,2017-12-22T21:45:20.991Z,79,41.1,Nanuet,-74.02,1021,41.0,1,KeAdoRGcxYfNNQeAfvMG5DFj5zB3,16093,,0.0,5.0,,,10954
107,107,76197090-6ad0-11e7-908f-4b064f587a76,1,2017-07-17T09:15:22.521Z,87,47.63,Seattle,-122.35,1021,55.62,0,,16093,,20.0008,5.5,Alexa,,98109
108,108,769067D2-61EE-448A-9754-944FDB4CB52E,20,2017-12-27T19:45:03.487Z,37,41.2,West Haverstraw,-73.99,1029,22.0,1,KeAdoRGcxYfNNQeAfvMG5DFj5zB3,16093,,280.0,11.0,,,
109,109,7801B07F-C73A-4EA7-81DC-92E495A5155E,75,2017-06-03T16:08:13.555Z,40,41.09,Nyack,-73.92,1014,64.0,2,KeAdoRGcxYfNNQeAfvMG5DFj5zB3,16093,,330.0,12.0,,,10960
110,110,78353461-8A33-4E33-83AD-5EF9556F96D3,40,2017-11-26T17:48:22.639Z,45,41.2,West Haverstraw,-73.99,1013,45.0,1,KeAdoRGcxYfNNQeAfvMG5DFj5zB3,16093,,300.0,17.0,,,10923
111,111,78C2C6F4-EBCA-443D-97F4-B1B3D41686EB,90,2017-05-29T14:52:09.059Z,93,40.67,Bayonne,-74.12,1014,56.0,1,DvGx1A7L7wNN9Han9GjEm08Mb7t2,11265,,70.0,6.0,,,
112,112,798E1840-41F2-4EB3-9779-6B58C94325EA,90,2017-06-06T12:55:41.130Z,100,41.11,Airmont,-74.13,1008,55.0,1,fvqRYUa0YRTqDmwPkLE7nn0YrLX2,16093,,80.0,5.0,,,
113,113,7C4285DD-3D65-4030-B40F-F238C5D4657A,1,2017-10-18T11:07:11.808Z,65,41.2,West Haverstraw,-73.99,1025,44.0,1,KeAdoRGcxYfNNQeAfvMG5DFj5zB3,16093,,280.0,5.0,,,
114,114,7D1A7A98-0FB6-465E-9D00-7C0F387E8952,75,2017-12-25T17:03:13.892Z,50,41.71,Arlington,-73.9,1008,33.0,1,KeAdoRGcxYfNNQeAfvMG5DFj5zB3,14484,,260.0,12.0,,,
115,115,7F6F2F7D-E615-47D9-968D-469CDDC46211,90,2017-05-30T00:41:56.757Z,87,41.09,Airmont,-74.14,1018,57.0,2,fvqRYUa0YRTqDmwPkLE7nn0YrLX2,16093,,140.0,5.0,,,
116,116,7F873238-69B8-425C-A4FB-6058D47A2960,1,2017-06-02T21:31:51.387Z,20,41.11,Airmont,-74.13,1012,73.0,2,fvqRYUa0YRTqDmwPkLE7nn0YrLX2,16093,,300.0,14.0,,,10901
117,117,7e5bb320-8d6d-11e7-80ea-b5b2161ddc58,90,2017-08-30T10:25:06.899Z,93,41.2,Haverstraw,-73.97,1014,59.58,0,,16093,,330.0,8.05,Alexa,,
118,118,7eb56230-6086-11e7-be36-e17cbde4202e,90,2017-07-04T07:00:42.579Z,94,37.77,San Francisco,-122.41,1018,61.47,0,,16093,,140.0,4.7,Alexa,,94103
119,119,7eca55a0-5555-11e7-aaa5-79bc731415ba,75,2017-06-20T01:12:14.587Z,94,41.2,Garnerville,-74.0,1011,70.77,1,,16093,,210.0,6.93,Alexa,,10923
120,120,7f0a1bb0-ed8d-11e7-a8e6-19cf5fbb5d97,90,2017-12-30T18:16:03.600Z,85,41.2,Haverstraw,-73.97,1014,19.27,1,,1207,,270.0,4.7,Alexa,,10927
121,121,801a7290-ad08-11e7-b2ad-29522b26e64b,90,2017-10-09T15:42:47.866Z,88,41.2,Haverstraw,-73.97,1014,73.29,1,,8047,,160.0,11.41,Alexa,,
122,122,817361B5-6D0B-4B4E-AD4A-C586490064D0,1,2017-06-12T02:25:02.454Z,39,41.11,Suffern,-74.14,1016,80.0,2,fvqRYUa0YRTqDmwPkLE7nn0YrLX2,16093,,270.0,4.0,,,10901
123,123,8194B26D-54C6-4CB8-A6FF-8B1B55AB8613,90,2017-08-07T13:32:53.862Z,77,40.71,New York,-74.01,1020,67.0,2,KeAdoRGcxYfNNQeAfvMG5DFj5zB3,11265,,239.501,7.0,,,10002
124,124,81CA0923-A9EC-4B97-ABA7-19D00F059C5C,1,2017-08-28T13:36:08.427Z,77,40.84,Bronx,-73.93,1026,59.0,1,KeAdoRGcxYfNNQeAfvMG5DFj5zB3,16093,,55.50490188598633,6.0,,,10452
125,125,81d178e0-c176-11e7-9981-bfb7b384f71e,1,2017-11-04T15:40:38.639Z,46,41.2,Haverstraw,-73.97,1027,50.23,1,,16093,,70.0,6.93,Alexa,,10927
126,126,829a5da0-5169-11e7-8b05-1f3dc69d681d,1,2017-06-15T01:25:26.267Z,59,41.2,Garnerville,-74.0,1016,70.77,1,,16093,,150.0,5.82,Alexa,,
127,127,82E49C4C-E773-41E8-B24E-A1C3679C75AD,1,2017-11-25T18:55:41.406Z,35,41.14,New City,-73.99,1005,55.0,1,KeAdoRGcxYfNNQeAfvMG5DFj5zB3,16093,,180.0,11.0,,,10956
128,128,838d0b10-6ad0-11e7-908f-4b064f587a76,1,2017-07-17T09:15:45.089Z,87,47.63,Seattle,-122.35,1021,55.62,0,,16093,,20.0008,5.5,Alexa,,98109
129,129,84371A6B-C503-4B77-980E-69E559B94209,90,2017-12-09T21:23:43.842Z,92,41.2,West Haverstraw,-73.99,1007,29.0,1,KeAdoRGcxYfNNQeAfvMG5DFj5zB3,805,,340.0,6.0,,,10923
130,130,84F56CC0-53DA-4CFF-93BD-99CDAE2BC696,75,2017-11-20T12:12:48.580Z,55,41.16,Ossining,-73.87,1014,35.0,1,KeAdoRGcxYfNNQeAfvMG5DFj5zB3,16093,,280.0,11.0,,,10562
131,131,8713E80D-9184-49E7-A023-4B36AAA9F351,1,2017-11-27T12:14:47.254Z,64,41.16,Ossining,-73.87,1015,36.0,1,KeAdoRGcxYfNNQeAfvMG5DFj5zB3,16093,,260.0,5.0,,,
132,132,87896F8D-C50B-4A6C-9ADA-20DB21DE9080,75,2017-10-16T11:20:50.138Z,67,41.14,Ossining,-73.87,1012,58.0,1,KeAdoRGcxYfNNQeAfvMG5DFj5zB3,16093,,300.0,14.0,,,10562
133,133,87AA456A-D18B-4D1D-A219-51AA40525881,1,2017-06-11T02:26:20.771Z,73,41.11,Suffern,-74.14,1017,74.0,1,fvqRYUa0YRTqDmwPkLE7nn0YrLX2,16093,,227.001,4.0,,,
134,134,883794BE-E950-408E-84F2-A4978BDB07B6,75,2017-06-17T23:01:32.880Z,88,41.71,Arlington,-73.9,1014,71.0,2,KeAdoRGcxYfNNQeAfvMG5DFj5zB3,16093,,0.0,5.0,,,
135,135,890AB6D3-2F8C-4BBD-87A2-47E397594574,1,2017-08-06T18:29:35.475Z,46,41.2,West Haverstraw,-73.99,1019,73.0,2,KeAdoRGcxYfNNQeAfvMG5DFj5zB3,16093,,300.0,6.0,,,10923
136,136,8C3D31AF-D0FC-4556-8AE6-F437B471DB15,1,2017-08-28T11:45:54.466Z,77,40.84,Bronx,-73.93,1026,59.0,2,KeAdoRGcxYfNNQeAfvMG5DFj5zB3,16093,,55.50490188598633,6.0,,,
137,137,8D5449E4-0499-4846-8313-AC392C6C74A9,90,2017-07-27T10:56:33.303Z,100,41.2,West Haverstraw,-73.98,1018,62.0,2,KeAdoRGcxYfNNQeAfvMG5DFj5zB3,16093,,218.504,3.0,,,10927
138,138,8D7ADCA3-F94D-4F69-B1E9-04343BF86178,1,2017-06-02T12:05:28.240Z,55,41.11,Airmont,-74.13,1016,55.0,1,fvqRYUa0YRTqDmwPkLE7nn0YrLX2,16093,,255.0,3.0,,,10901
139,139,8FA36E55-492A-4FCF-8B78-9A35CBA344CC,1,2017-12-07T16:15:47.820Z,41,41.2,West Haverstraw,-73.99,1015,41.0,1,KeAdoRGcxYfNNQeAfvMG5DFj5zB3,16093,,260.0,9.0,,,10923
140,140,8f745320-8ca4-11e7-ac04-c565305c02d6,1,2017-08-29T10:26:46.775Z,87,41.2,Haverstraw,-73.97,1024,60.58,0,,16093,,50.0,8.05,Alexa,,10927
141,141,90608950-BDF1-4956-AA0B-B803EA32407F,1,2017-07-31T01:39:44.164Z,68,41.12,Valley Cottage,-73.94,1017,70.0,1,fvqRYUa0YRTqDmwPkLE7nn0YrLX2,16093,,14.0082,2.0,,,10989
142,142,90DE13FB-6381-4866-84FB-EB9881A17630,20,2017-11-03T18:09:39.997Z,60,41.1,Nanuet,-74.02,1015,70.0,2,KeAdoRGcxYfNNQeAfvMG5DFj5zB3,16093,,230.0,9.0,,,10954
143,143,92D72557-3B05-4D34-A36E-7E637BD5260A,40,2017-09-29T16:21:21.197Z,48,40.71,New York,-74.01,1018,63.0,1,KeAdoRGcxYfNNQeAfvMG5DFj5zB3,16093,,346.5010070800781,4.0,,,10002
144,144,964B283F-0754-4AF3-8384-5B51C78AD61D,1,2017-06-24T17:50:12.583Z,35,40.67,Bayonne,-74.12,1007,83.0,1,DvGx1A7L7wNN9Han9GjEm08Mb7t2,16093,,320.0,24.0,,,07002
145,145,979EFC45-30BF-47E3-ADC6-DB9DD4424631,1,2017-09-02T14:01:06.579Z,76,41.2,West Haverstraw,-73.99,1025,56.0,1,6eUdqOHk4YhcgJo2CqkSv8PI7ZF3,16093,,70.0011,3.0,,,10923
146,146,97F9D10E-7E34-46E4-BCB0-9992746A53CE,90,2017-06-17T17:32:48.562Z,73,41.48,Beacon,-73.97,1013,72.0,2,KeAdoRGcxYfNNQeAfvMG5DFj5zB3,16093,,88.0041,3.0,,,12508
147,147,9909925B-8595-4293-B945-748EECBCCCE7,1,2017-07-12T03:16:59.309Z,78,41.2,West Haverstraw,-73.99,1014,75.0,2,6eUdqOHk4YhcgJo2CqkSv8PI7ZF3,16093,,239.0,2.0,,,10923
148,148,993ebd20-a06b-11e7-aabc-6d336aab7ccf,1,2017-09-23T14:29:25.107Z,56,41.2,Haverstraw,-73.97,1018,74.25,1,,16093,,340.0,14.99,Alexa,,10927
149,149,9D917F09-BA6E-4849-8C45-A16DAA1E856A,1,2017-10-11T10:23:59.109Z,82,41.19,Haverstraw,-73.96,1020,60.0,1,KeAdoRGcxYfNNQeAfvMG5DFj5zB3,16093,,300.0,3.0,,,10927
150,150,9bf033a0-993b-11e7-901d-178bfb2ba43d,90,2017-09-14T10:58:15.643Z,100,41.2,Haverstraw,-73.97,1011,67.78,1,,6437,,210.0,3.36,Alexa,,10927
151,151,A06AA9D4-2901-4FDA-9785-1DD70CC92AC7,90,2017-06-08T02:15:22.642Z,87,37.34,San Jose,-121.89,1015,64.0,1,KeAdoRGcxYfNNQeAfvMG5DFj5zB3,11265,,170.0,4.0,,,95112
152,152,A1D65FC4-2188-4097-8076-E1210C7535C1,56,2017-05-28T17:24:08.473Z,56,41.1,Nanuet,-74.01,1014,71.0,2,fvqRYUa0YRTqDmwPkLE7nn0YrLX2,0,,0.0,5.0,,,10954
153,153,A4E5723F-7AD0-48E6-9F1A-E13A23F8810A,75,2017-06-18T16:15:43.211Z,83,41.1,Bardonia,-74.0,1012,80.0,2,fvqRYUa0YRTqDmwPkLE7nn0YrLX2,11265,,170.0,10.0,,,10954
154,154,A722D78A-55B2-44ED-9415-C3C10F96CC5E,1,2017-06-21T14:46:27.184Z,47,41.11,Suffern,-74.14,1014,76.0,1,fvqRYUa0YRTqDmwPkLE7nn0YrLX2,16093,,310.0,11.0,,,10901
155,155,A96D97BC-DF17-44D2-8A1E-07D59E9283E8,1,2017-10-21T15:59:32.919Z,28,41.14,New City,-73.99,1027,69.0,2,KeAdoRGcxYfNNQeAfvMG5DFj5zB3,16093,,190.0,3.0,,,10956
156,156,AB120D9B-6974-4A36-A3E4-A47E77D0FD9F,75,2017-10-02T11:36:40.743Z,100,41.2,West Haverstraw,-73.99,1029,43.0,1,KeAdoRGcxYfNNQeAfvMG5DFj5zB3,16093,,343.0,2.0,,,10923
157,157,ABDA9F52-4E01-41B9-8B20-0B48F28D1CDB,1,2017-06-22T11:30:55.560Z,68,40.97,Hastings-on-Hudson,-73.89,1017,64.0,2,KeAdoRGcxYfNNQeAfvMG5DFj5zB3,16093,,280.0,4.0,,,10701
158,158,ACFCD1C2-AB63-4903-931E-A8FA02E94A9D,75,2017-10-26T12:59:20.861Z,71,40.35,Morganville,-74.19,1005,51.0,1,KeAdoRGcxYfNNQeAfvMG5DFj5zB3,16093,,270.0,9.0,,,
159,159,AD57FE49-751F-4C5A-B00A-B14DF0CD4B40,75,2017-06-01T13:47:32.399Z,77,41.2,West Haverstraw,-73.99,1014,64.0,2,KeAdoRGcxYfNNQeAfvMG5DFj5zB3,16093,,256.501,3.0,,,10923
160,160,AD9B91D2-EC08-427C-A00D-4118DDFF09C7,1,2017-11-24T16:00:18.374Z,42,41.1,West Nyack,-73.96,1017,43.0,1,KeAdoRGcxYfNNQeAfvMG5DFj5zB3,16093,,320.0,5.0,,,10994
161,161,AF8AC4E3-48A7-4A3C-8408-C409643894C0,90,2017-09-30T22:03:37.204Z,76,41.62,Myers Corner,-73.89,1021,53.0,1,KeAdoRGcxYfNNQeAfvMG5DFj5zB3,16093,,350.0,8.0,,,12603
162,162,B0B6097A-CC0C-42B0-8231-2589FFF680D4,75,2017-10-13T12:48:45.524Z,71,41.2,West Haverstraw,-73.99,1031,49.0,1,KeAdoRGcxYfNNQeAfvMG5DFj5zB3,16093,,20.0,5.0,,,
163,163,B1EC6E33-C1E5-40B5-B45E-381B83D040E5,90,2017-05-31T03:45:34.065Z,93,41.11,Suffern,-74.14,1019,56.0,1,fvqRYUa0YRTqDmwPkLE7nn0YrLX2,16093,,172.00099999999995,4.0,,,
164,164,B4373A90-AEF0-4E64-BC79-6977492DB008,40,2017-10-16T13:42:29.028Z,58,40.71,New York,-74.01,1016,55.0,1,KeAdoRGcxYfNNQeAfvMG5DFj5zB3,16093,,360.0,9.0,,,
165,165,B551EBD0-D3B3-44B1-8142-C6EA41CC281A,1,2017-09-21T11:27:37.064Z,77,41.01,Dobbs Ferry,-73.88,1016,70.0,1,KeAdoRGcxYfNNQeAfvMG5DFj5zB3,16093,,330.0,12.0,,,10522
166,166,B88886AA-D120-4BD4-AF39-29B24B065144,90,2017-05-29T14:36:51.285Z,100,41.2,West Haverstraw,-73.99,1014,56.0,1,6eUdqOHk4YhcgJo2CqkSv8PI7ZF3,4828,,116.501,3.0,,,
167,167,BC6518CC-A12E-4C39-A152-55F06C09764C,1,2017-10-10T11:02:03.927Z,88,41.2,West Haverstraw,-73.99,1017,63.0,1,KeAdoRGcxYfNNQeAfvMG5DFj5zB3,16093,,310.0,3.0,,,10923
168,168,BC66A34D-ECE9-41F5-9521-FD443091A952,1,2017-06-26T14:26:36.843Z,40,40.73,Hoboken,-74.03,1017,72.0,1,DvGx1A7L7wNN9Han9GjEm08Mb7t2,16093,,310.0,8.0,,,07310
169,169,BE5A8C1C-6CA0-460D-B1C8-BB1E4F0579FA,90,2017-06-06T18:47:28.809Z,82,37.33,San Jose,-121.89,1015,64.0,2,KeAdoRGcxYfNNQeAfvMG5DFj5zB3,14484,,150.0,4.0,,,95113
170,170,C05A8CC9-39E4-48AE-BC9F-6A156422FB38,75,2017-11-08T12:38:20.331Z,86,41.2,West Haverstraw,-73.99,1024,37.0,1,KeAdoRGcxYfNNQeAfvMG5DFj5zB3,16093,,330.0,13.0,,,10923
171,171,C14E4488-578E-4B97-9FDB-90B8E2467586,75,2017-06-26T19:24:20.432Z,29,41.11,Airmont,-74.13,1016,77.0,1,fvqRYUa0YRTqDmwPkLE7nn0YrLX2,16093,,260.0,9.0,,,10901
172,172,C1EAA5B3-2249-439A-B583-C47045297BD1,1,2017-10-27T21:42:27.459Z,31,41.1,West Nyack,-73.96,1018,61.0,1,KeAdoRGcxYfNNQeAfvMG5DFj5zB3,16093,,190.0,5.0,,,10994
173,173,C495A701-70E1-48C0-92D9-F06B52BDA648,75,2017-06-01T13:47:27.629Z,77,41.2,West Haverstraw,-73.99,1014,64.0,2,KeAdoRGcxYfNNQeAfvMG5DFj5zB3,16093,,256.501,3.0,,,10923
174,174,C4A4547F-8444-4213-A8AD-4A2A07C698F1,90,2017-07-28T13:59:03.923Z,83,41.21,Haverstraw,-73.96,1012,74.0,2,KeAdoRGcxYfNNQeAfvMG5DFj5zB3,16093,,20.0,3.0,,,10993
175,175,C5976E55-5275-4E9C-928F-E0CB9690A1F8,1,2017-06-27T16:28:50.538Z,56,40.73,Hoboken,-74.03,1015,71.0,1,DvGx1A7L7wNN9Han9GjEm08Mb7t2,16093,,137.501,3.0,,,07310
176,176,C73671B2-4E82-4C93-9EE8-DABFD46C07E3,40,2017-09-05T10:53:00.863Z,82,41.19,Haverstraw,-73.96,1010,65.0,2,KeAdoRGcxYfNNQeAfvMG5DFj5zB3,16093,,190.0,5.0,,,10927
177,177,C8EED263-4F50-47A1-8E3D-55909FD468D7,90,2017-06-04T18:11:13.363Z,59,41.11,Airmont,-74.13,1015,65.0,2,fvqRYUa0YRTqDmwPkLE7nn0YrLX2,12874,,210.0,5.0,,,
178,178,C9E72B86-03B2-4D0F-89BF-5B1B752B8A11,1,2017-09-28T18:06:49.931Z,36,41.2,West Haverstraw,-73.99,1007,75.0,2,KeAdoRGcxYfNNQeAfvMG5DFj5zB3,16093,,340.0,17.0,,,10923
179,179,CB858456-1539-4738-A0DE-F8E381B22464,40,2017-10-19T11:51:04.060Z,100,41.2,West Haverstraw,-73.99,1024,44.0,1,KeAdoRGcxYfNNQeAfvMG5DFj5zB3,11265,,204.5010070800781,2.0,,,10923
180,180,CBEB158A-43B7-4ADF-AA12-1C53612F81ED,90,2017-12-23T15:35:32.465Z,93,41.06,Tarrytown,-73.86,1014,37.0,1,KeAdoRGcxYfNNQeAfvMG5DFj5zB3,3219,,60.0,8.0,,,
181,181,CDC608E0-03EB-4882-A36D-B3D86F640AF1,1,2017-11-21T12:24:03.503Z,64,41.08,Tarrytown,-73.86,1020,34.0,1,KeAdoRGcxYfNNQeAfvMG5DFj5zB3,16093,,222.5010070800781,10.0,,,10591
182,182,CDD09461-6C89-413F-8AA2-7C5FE623D7E5,90,2017-06-07T13:48:59.141Z,67,40.67,Bayonne,-74.12,1016,56.0,1,DvGx1A7L7wNN9Han9GjEm08Mb7t2,16093,,50.0,9.0,,,
183,183,D10D7129-46AB-4310-A884-80093D1D68E0,90,2017-10-09T12:24:12.997Z,88,41.2,West Haverstraw,-73.99,1017,73.0,1,KeAdoRGcxYfNNQeAfvMG5DFj5zB3,14484,,180.0,6.0,,,10923
184,184,D420E8A3-1EA3-48F5-9EAA-EE955CBFA16C,1,2017-08-10T20:51:54.637Z,47,40.75,Long Island City,-73.98,1023,81.0,2,KeAdoRGcxYfNNQeAfvMG5DFj5zB3,16093,,0.0,6.0,,,10016
185,185,D5A88683-D438-4A7A-BC35-153F674966A4,1,2017-11-04T17:05:40.003Z,37,41.19,Mount Ivy,-74.03,1026,53.0,1,KeAdoRGcxYfNNQeAfvMG5DFj5zB3,16093,,81.00039672851562,3.0,,,10970
186,186,D8E97E52-955E-45BB-87E8-C7DA272C7432,1,2017-09-29T10:41:31.050Z,71,41.2,West Haverstraw,-73.98,1017,49.0,1,KeAdoRGcxYfNNQeAfvMG5DFj5zB3,16093,,355.50299072265625,3.0,,,
187,187,D95A279C-32EF-4885-BF2E-1D4A0DD373F6,90,2017-10-26T19:48:13.576Z,58,40.43,Matawan,-74.25,1006,55.0,1,KeAdoRGcxYfNNQeAfvMG5DFj5zB3,16093,,290.0,10.0,,,07747
188,188,DCE56A00-9ED1-4556-8B42-78D5156834CF,90,2017-12-23T16:05:29.411Z,93,41.06,Tarrytown,-73.86,1014,37.0,1,KeAdoRGcxYfNNQeAfvMG5DFj5zB3,3219,,60.0,8.0,,,10591
189,189,DD488F56-F31E-4F2C-882D-0987721D1ACB,20,2017-12-21T13:51:44.909Z,73,41.2,West Haverstraw,-73.99,1021,30.0,1,KeAdoRGcxYfNNQeAfvMG5DFj5zB3,16093,,330.0,5.0,,,
190,190,DDB60372-915B-4B65-8886-A050ACFD1194,20,2017-06-12T17:09:13.356Z,31,40.76,Weehawken,-74.0,1016,89.0,2,fvqRYUa0YRTqDmwPkLE7nn0YrLX2,16093,,290.0,4.0,,,
191,191,DE620CEF-6D85-40B5-8CF7-BE05B08A215A,1,2017-07-21T17:02:42.378Z,43,41.07,Ramsey,-74.14,1012,86.0,2,fvqRYUa0YRTqDmwPkLE7nn0YrLX2,16093,,290.0,8.0,,,07446
192,192,E183B78B-F90B-4977-BC2C-0B682574AA86,1,2017-06-13T15:14:17.691Z,43,40.73,Hoboken,-74.04,1014,85.0,1,DvGx1A7L7wNN9Han9GjEm08Mb7t2,16093,,300.0,8.0,,,
193,193,E1F3A2DB-BD14-4EA3-A578-11414E6D171B,90,2017-09-30T14:49:22.641Z,76,41.62,Myers Corner,-73.89,1021,53.0,1,KeAdoRGcxYfNNQeAfvMG5DFj5zB3,16093,,350.0,8.0,,,12603
194,194,E23615C1-DC3C-4669-9512-DE7A7D32C912,1,2017-09-28T18:06:47.855Z,36,41.2,West Haverstraw,-73.99,1007,75.0,1,KeAdoRGcxYfNNQeAfvMG5DFj5zB3,16093,,340.0,17.0,,,10923
195,195,E5C77B6D-63CB-41C9-82DD-202007CC62FD,1,2017-07-18T20:51:36.940Z,55,41.1,Suffern,-74.16,1017,86.0,2,fvqRYUa0YRTqDmwPkLE7nn0YrLX2,16093,,150.0,10.0,,,
196,196,E72EAA44-43D9-4CBE-AC95-9BEB1A314816,1,2017-11-23T23:51:49.195Z,61,41.13,Valley Cottage,-73.94,1016,35.0,1,KeAdoRGcxYfNNQeAfvMG5DFj5zB3,16093,,252.5030059814453,3.0,,,10989
197,197,E8469CC6-E2A3-479E-B81B-83471EA2682E,1,2017-11-23T17:34:42.709Z,44,41.4,West Point,-73.93,1018,38.0,1,KeAdoRGcxYfNNQeAfvMG5DFj5zB3,16093,,20.0,5.0,,,10524
198,198,E8DC9365-C02F-4744-ADAA-A276B67CC046,1,2017-07-11T14:36:15.840Z,61,40.73,Hoboken,-74.03,1015,77.0,2,DvGx1A7L7wNN9Han9GjEm08Mb7t2,16093,,270.0,6.0,,,
199,199,EA47C525-5C2C-4D6E-93B1-16B22560BB1E,1,2017-09-11T12:37:34.593Z,71,40.71,New York,-74.01,1029,56.0,1,KeAdoRGcxYfNNQeAfvMG5DFj5zB3,16093,,4.50124979019165,6.0,,,10002
200,200,EA73B513-95DD-4912-B1DB-3DCA273E7FF3,90,2017-05-29T15:38:07.341Z,100,41.07,Ramsey,-74.14,1014,56.0,1,fvqRYUa0YRTqDmwPkLE7nn0YrLX2,4828,,94.0007,3.0,,,07446
201,201,EB9707D9-A5CF-43C4-AB6C-1F04D6D64069,1,2017-06-27T16:43:08.962Z,56,41.2,West Haverstraw,-73.99,1015,71.0,2,KeAdoRGcxYfNNQeAfvMG5DFj5zB3,16093,,195.501,6.0,,,10923
202,202,ED817D3F-C9C7-4FB2-83AB-6C7D806B8BD2,40,2017-06-20T11:54:34.422Z,78,41.11,Suffern,-74.14,1012,70.0,1,fvqRYUa0YRTqDmwPkLE7nn0YrLX2,24140,,260.0,9.0,,,
203,203,EDB4F26A-A897-4827-B43E-93E8B63C6D4B,40,2017-12-30T22:52:08.152Z,67,41.099998474121094,Nanuet,-74.01000213623047,1014,19.0,1,fvqRYUa0YRTqDmwPkLE7nn0YrLX2,16093,,260.0,13.0,,10954.0,
204,204,EEDD4404-531B-42ED-ADE9-24EA2DE143C9,1,2017-08-01T13:15:49.460Z,61,40.71,New York,-74.01,1019,78.0,2,KeAdoRGcxYfNNQeAfvMG5DFj5zB3,16093,,60.0,4.0,,,
205,205,F0B10419-941A-4EF7-B2DB-4CC668EEA341,90,2017-09-16T20:06:55.415Z,100,41.2,West Haverstraw,-73.99,1022,68.0,2,KeAdoRGcxYfNNQeAfvMG5DFj5zB3,402,,4.501830101013184,2.0,,,10923
206,206,F2EB16F2-9D87-475B-AA9C-41E210C0F57B,90,2017-05-29T14:22:44.297Z,100,41.2,West Haverstraw,-73.99,1014,56.0,2,KeAdoRGcxYfNNQeAfvMG5DFj5zB3,4828,,116.501,3.0,,,
207,207,F34DF9E0-3A95-4EB4-BFE7-97DE953BBBAA,90,2017-10-30T11:21:36.085Z,87,41.09,Sleepy Hollow,-73.87,985,48.0,1,KeAdoRGcxYfNNQeAfvMG5DFj5zB3,4828,,290.0,18.0,,,
208,208,F3AAF8D4-1F2F-4B8A-8CFB-23AE6ABE345D,90,2017-05-30T13:10:14.271Z,87,40.71,New York,-74.01,1022,55.0,2,KeAdoRGcxYfNNQeAfvMG5DFj5zB3,8047,,160.0,8.0,,,10002
209,209,F44308E0-E580-4FCB-B2D9-5D47E637764D,75,2017-12-06T11:27:41.241Z,61,41.2,West Haverstraw,-73.99,1012,46.0,1,KeAdoRGcxYfNNQeAfvMG5DFj5zB3,16093,,270.0,10.0,,,10923
210,210,F4C624E4-286F-4030-AE40-5F54296A77F0,90,2017-08-15T11:08:43.491Z,88,41.16,Ossining,-73.87,1014,68.0,2,KeAdoRGcxYfNNQeAfvMG5DFj5zB3,16093,,0.0,4.0,,,
211,211,F785FFE6-7670-4712-99EB-93D93BD3485A,90,2017-09-16T13:09:06.918Z,100,41.2,West Haverstraw,-73.99,1022,68.0,2,KeAdoRGcxYfNNQeAfvMG5DFj5zB3,402,,4.501830101013184,2.0,,,
212,212,F8B53501-E8A8-4578-A147-4329F421229F,90,2017-07-23T13:02:09.790Z,88,41.09,Nyack,-73.92,1008,73.0,1,fvqRYUa0YRTqDmwPkLE7nn0YrLX2,6437,,56.5027,5.0,,,10960
213,213,FA578D86-0AE3-4679-B098-AF5B52872054,1,2017-06-24T21:32:14.371Z,33,41.07,Chestnut Ridge,-74.06,1009,83.0,2,KeAdoRGcxYfNNQeAfvMG5DFj5zB3,16093,,300.0,10.0,,,
214,214,FA7F49CB-F268-433B-A98F-B4592E93FAAA,75,2017-07-24T04:01:02.327Z,83,41.11,Airmont,-74.13,1011,72.0,1,fvqRYUa0YRTqDmwPkLE7nn0YrLX2,14484,,130.0,6.0,,,10901
215,215,FAC03C70-BA99-4C03-A803-D17ABC1A7B00,1,2017-06-26T11:46:45.993Z,59,40.83,Bronx,-73.93,1017,62.0,2,KeAdoRGcxYfNNQeAfvMG5DFj5zB3,16093,,212.006,3.0,,,
216,216,FAC999A7-530D-4FE4-8AB3-44BD1B608E3D,1,2017-09-01T14:19:28.690Z,41,41.2,West Haverstraw,-73.99,1020,59.0,1,KeAdoRGcxYfNNQeAfvMG5DFj5zB3,16093,,330.0,16.0,,,
217,217,FB9495E9-CB02-48C7-B894-C7F039C4FC52,90,2017-12-17T22:15:17.978Z,63,41.71,Arlington,-73.9,1024,28.0,1,KeAdoRGcxYfNNQeAfvMG5DFj5zB3,16093,,30.0,3.0,,,12603
218,218,FC3A9503-3577-4305-8485-E0D95CD436A4,1,2017-09-02T14:00:29.216Z,76,41.2,West Haverstraw,-73.99,1025,57.0,1,KeAdoRGcxYfNNQeAfvMG5DFj5zB3,16093,,70.0010986328125,3.0,,,
219,219,FCF63DE9-F8CD-419D-9BB9-9AA04A720B00,1,2017-09-25T10:48:24.214Z,100,41.19,Haverstraw,-73.96,1018,66.0,2,KeAdoRGcxYfNNQeAfvMG5DFj5zB3,4023,,63.00149917602539,1.0,,,10927
220,220,FD54DC94-1015-4989-840A-5EF354405913,90,2017-05-28T20:57:54.860Z,73,41.12,Valley Cottage,-73.94,1013,69.0,1,fvqRYUa0YRTqDmwPkLE7nn0YrLX2,32186,,140.0,11.0,,,10989
221,221,FE2AE1EE-F399-4740-A1D5-4E83174AF9F0,40,2017-07-08T19:15:57.889Z,51,41.11,Airmont,-74.13,1007,82.0,2,fvqRYUa0YRTqDmwPkLE7nn0YrLX2,16093,,280.0,14.0,,,10901
222,222,FF557CE3-5CA3-4524-A7C5-23E50D53841F,75,2017-12-16T16:17:55.192Z,58,41.2,West Haverstraw,-73.99,1016,29.0,1,KeAdoRGcxYfNNQeAfvMG5DFj5zB3,16093,,260.0,11.0,,,10923
223,223,FF8ACE27-429C-4F4C-AE01-D1330194E4EA,75,2017-12-17T18:30:00.205Z,58,41.54,Fishkill,-73.94,1025,29.0,1,KeAdoRGcxYfNNQeAfvMG5DFj5zB3,16093,,345.5010070800781,1.0,,,12524
224,224,ac39c200-6086-11e7-be36-e17cbde4202e,90,2017-07-04T07:01:58.944Z,94,37.77,San Francisco,-122.41,1018,61.47,0,,16093,,140.0,4.7,Alexa,,94103
225,225,ad7c5b70-ddca-11e7-945a-d76d3781ada1,1,2017-12-10T16:53:42.184Z,59,41.2,Haverstraw,-73.97,1012,34.39,1,,16093,,280.0,9.17,Alexa,,10927
226,226,af693e60-c931-11e7-8638-59b0870a8bdf,1,2017-11-14T11:48:09.158Z,80,41.2,Haverstraw,-73.97,1025,31.89,1,,16093,,350.0,8.05,Alexa,,10927
227,227,b0fe6350-8e57-11e7-ab57-434a57339273,1,2017-08-31T14:21:34.086Z,60,41.2,Haverstraw,-73.97,1013,72.81,1,,16093,,300.0,12.75,Alexa,,10927
228,228,b99b7d90-5e96-11e7-86d5-01fa933c164e,75,2017-07-01T19:51:51.018Z,78,41.2,Haverstraw,-73.97,1012,81.45,1,,16093,,198.505,6.71,Alexa,,10927
229,229,bc75b130-60bb-11e7-8441-799a20e48d26,40,2017-07-04T13:21:49.508Z,49,41.2,Haverstraw,-73.97,1019,71.74,1,,16093,,360.0,9.17,Alexa,,10927
230,230,bca64ed0-9879-11e7-ac22-4bf203978489,90,2017-09-13T11:50:28.157Z,100,41.2,Haverstraw,-73.97,1014,57.22,0,,402,,251.0,2.06,Alexa,,10927
231,231,bd506aa0-5553-11e7-a942-9512a561f29d,75,2017-06-20T00:59:40.490Z,94,41.2,Garnerville,-74.0,1011,70.77,1,,16093,,210.0,6.93,Alexa,,
232,232,c960f2b0-5553-11e7-9943-199979f35244,75,2017-06-20T01:00:00.731Z,94,41.2,Garnerville,-74.0,1011,70.77,1,,16093,,210.0,6.93,Alexa,,
233,233,cbebf5b0-6ad0-11e7-908f-4b064f587a76,1,2017-07-17T09:17:46.507Z,87,47.63,Seattle,-122.35,1021,55.62,0,,16093,,20.0008,5.5,Alexa,,98109
234,234,d5030160-56db-11e7-8cfd-b73548e46803,20,2017-06-21T23:46:22.967Z,44,41.2,Garnerville,-74.0,1012,80.04,1,,16093,,260.0,5.82,Alexa,,
235,235,da8a53f0-a34c-11e7-96c2-8113fd800c66,1,2017-09-27T06:26:53.743Z,100,39.45,Frederick,-77.33,1015,68.83,1,,11265,,6.0015,4.25,Alexa,,
236,236,dafbf190-c084-11e7-9e5f-af697887e27f,1,2017-11-03T10:50:50.026Z,100,41.2,Haverstraw,-73.97,1018,59.02,1,,2816,,206.505,3.62,Alexa,,
237,237,dd3804e0-6acf-11e7-908f-4b064f587a76,1,2017-07-17T09:11:06.030Z,87,47.63,Seattle,-122.35,1021,55.62,0,,16093,,20.0008,5.5,Alexa,,
238,238,e15bbc40-6982-11e7-91b9-a130a8d3792d,40,2017-07-15T17:27:30.621Z,57,41.2,Haverstraw,-73.97,1014,81.19,1,,16093,,290.0,10.29,Alexa,,10927
239,239,e239b9a0-6bc6-11e7-809f-272d8747938c,1,2017-07-18T14:39:20.123Z,88,33.76,Long Beach,-118.13,1014,68.11,1,,9656,,339.5030000000001,1.86,Alexa,,90803
240,240,e7fae620-e0e2-11e7-b6df-2beb3c48f0e5,75,2017-12-14T15:24:41.731Z,73,41.2,Haverstraw,-73.97,1004,25.52,1,,9656,,350.0,6.93,Alexa,,10927
241,241,e85cc570-56db-11e7-8cfd-b73548e46803,20,2017-06-21T23:46:55.431Z,44,41.2,Garnerville,-74.0,1012,80.04,1,,16093,,260.0,5.82,Alexa,,
242,242,eb921900-585e-11e7-abd0-57f7b9979055,75,2017-06-23T21:57:16.049Z,78,41.2,Garnerville,-74.0,1004,81.95,1,,32186,,240.0,8.05,Alexa,,10923
243,243,f9999e20-ebe2-11e7-ba0c-a37cf8f6d6f8,20,2017-12-28T15:22:54.120Z,43,41.2,Haverstraw,-73.97,1033,12.54,1,,16093,,320.0,21.92,Alexa,,10927
