,clouds,humidity,temp,type,visibility,windSpeed,weatherCond_Clear,weatherCond_Clouds,weatherCond_Fog,weatherCond_Haze,weatherCond_Rain,weatherCond_Smoke,weatherCond_Snow,weatherCond_Thunderstorm
5e81c340-5c58-11e8-98f1-f9cb26664818,90,73,78.0,0,20.0,14.0,0,1,0,0,0,0,0,0
A91D414A-9EA1-49AB-9F80-CFCE71CCAE02,1,51,83.0,0,10.0,9.0,0,0,0,0,1,0,0,0
992BC9A2-4A2A-487C-AC14-6F4E105BE593,1,86,58.0,1,10.0,8.0,0,0,1,0,0,0,0,0
DDE7BA3F-E789-40A7-A178-AE53ECCABE09,1,55,56.0,1,10.0,5.0,1,0,0,0,0,0,0,0
25991960-43cc-11e8-96ff-a7b85c3c4a63,90,93,40.0,1,10.0,6.0,0,0,0,0,1,0,0,0
32D59833-4F1A-4B5A-B918-37FE14F74D32,90,83,73.0,1,10.0,5.0,0,1,0,0,0,0,0,0
760EA2BF-8830-4FB7-9052-DDE367CABF69,75,61,80.0,0,10.0,9.0,0,1,0,0,0,0,0,0
C1EAA5B3-2249-439A-B583-C47045297BD1,1,31,61.0,1,10.0,5.0,1,0,0,0,0,0,0,0
2F66D457-348B-459C-A90C-B47033FEC601,1,80,39.0,1,10.0,3.0,1,0,0,0,0,0,0,0
728B1810-9B2E-44AE-B074-6FFFC19A9877,90,96,65.0,1,0.0,2.0,0,0,0,0,1,0,0,0
845DCD45-DE90-4BD6-92D2-69E60EE674C7,1,57,76.0,0,10.0,11.0,1,0,0,0,0,0,0,0
3924B07B-276F-41A8-8649-A9AC1C7C9662,40,63,72.0,0,10.0,4.0,0,1,0,0,0,0,0,0
0CE94166-3774-4B7F-8ACD-B243FFCFD24F,75,59,34.0,1,10.0,16.0,0,1,0,0,0,0,0,0
2A570C86-76C3-4CBF-A1A0-C3E3B668275A,1,82,54.0,1,10.0,3.0,1,0,0,0,0,0,0,0
7278e460-4591-11e8-8d30-9d937caa58e6,1,26,57.0,1,10.0,13.0,1,0,0,0,0,0,0,0
4E53E0F5-332E-4729-9BA5-36BC7302A19C,20,64,69.0,1,10.0,3.0,0,1,0,0,0,0,0,0
b0fe6350-8e57-11e7-ab57-434a57339273,1,60,73.0,1,10.0,13.0,0,1,0,0,0,0,0,0
D0CE3082-16B9-470E-9C29-D86054D49373,1,65,45.0,1,10.0,9.0,1,0,0,0,0,0,0,0
04e01fe0-5dcf-11e7-a931-a7582745470f,40,49,89.0,1,10.0,16.0,0,1,0,0,0,0,0,0
048313B1-8AC3-4A0A-871A-4D101EC5F673,1,55,88.0,0,10.0,3.0,0,0,0,1,0,0,0,0
9909925B-8595-4293-B945-748EECBCCCE7,1,78,75.0,1,10.0,2.0,1,0,0,0,0,0,0,0
DE620CEF-6D85-40B5-8CF7-BE05B08A215A,1,43,86.0,1,10.0,8.0,0,1,0,0,0,0,0,0
6DC2B870-E479-4751-8F9D-7AB34B84909F,90,96,68.0,1,0.0,3.0,0,0,0,0,1,0,0,0
d2134ea0-1e14-11e8-95a0-5bbfe3c5219b,90,93,37.0,1,2.0,15.0,0,0,0,0,1,0,0,0
55dabb20-6ca2-11e8-9c4c-6bc6149ed15c,90,46,63.0,0,10.0,8.0,0,0,0,0,1,0,0,0
75EB9D2F-16C1-4EA3-A69C-C6144A89FDDD,90,100,55.0,1,1.0,2.0,0,0,1,0,0,0,0,0
14AFB1F7-E18A-4C82-9420-82F7BFD7BC3F,75,78,81.0,0,10.0,3.0,0,1,0,0,0,0,0,0
F785FFE6-7670-4712-99EB-93D93BD3485A,90,100,68.0,1,0.0,2.0,0,1,0,0,0,0,0,0
AAB50B18-FA4C-4999-9783-D66530BE21A7,1,54,86.0,0,10.0,8.0,1,0,0,0,0,0,0,0
82E49C4C-E773-41E8-B24E-A1C3679C75AD,1,35,55.0,1,10.0,11.0,0,1,0,0,0,0,0,0
C00212CF-4B2F-40CC-BDB1-0632F227BF97,75,97,72.0,1,1.0,4.0,0,0,0,0,1,0,0,0
16b65900-47b2-11e8-ac1f-75495df9c8b2,1,93,39.0,1,10.0,3.0,0,0,1,0,0,0,0,0
16ECF5B5-A636-456C-B57A-41B36CC37DBE,40,78,78.0,0,10.0,6.0,0,1,0,0,0,0,0,0
82A24876-7333-4404-B6EA-ACA8E83DADA7,75,60,71.0,0,20.0,3.0,0,1,0,0,0,0,0,0
AD57FE49-751F-4C5A-B00A-B14DF0CD4B40,75,77,64.0,1,10.0,3.0,0,1,0,0,0,0,0,0
465179C2-EAAB-447E-B88A-1070AC66155D,40,73,70.0,0,10.0,9.0,0,0,1,0,0,0,0,0
5daa3c50-0b35-11e8-b1d2-5dcd230ca1f3,75,85,24.0,1,10.0,3.0,0,1,0,0,0,0,0,0
3E460211-0462-455C-98AA-7507D9121750,90,93,60.0,1,3.0,6.0,0,0,0,0,1,0,0,0
92D72557-3B05-4D34-A36E-7E637BD5260A,40,48,63.0,1,10.0,4.0,0,1,0,0,0,0,0,0
91099B06-0D43-410D-8ABB-3062B9552235,1,55,61.0,0,10.0,12.0,1,0,0,0,0,0,0,0
5F2CA68D-C846-462C-BB32-7A6E464B6AEC,75,77,63.0,0,10.0,4.0,0,0,0,0,1,0,0,0
FF557CE3-5CA3-4524-A7C5-23E50D53841F,75,58,29.0,1,10.0,11.0,0,1,0,0,0,0,0,0
804BFFBC-57F7-47A8-B6DE-AB135070530E,1,100,64.0,0,10.0,3.0,1,0,0,0,0,0,0,0
efd9f770-23a7-11e8-be98-b79d93696854,40,69,32.0,1,10.0,14.0,0,0,0,0,0,0,1,0
C5976E55-5275-4E9C-928F-E0CB9690A1F8,1,56,71.0,1,10.0,3.0,0,1,0,0,0,0,0,0
b4cecda0-1c30-11e8-85f7-5344188dbeaf,90,100,57.0,1,3.0,9.0,0,0,0,0,1,0,0,0
73C57677-B73F-40E3-9BE0-B2F9F9E14B5E,90,93,64.0,1,7.0,11.0,0,1,0,0,0,0,0,0
EDB4F26A-A897-4827-B43E-93E8B63C6D4B,40,67,19.0,1,10.0,13.0,0,1,0,0,0,0,0,0
9c216f70-5f41-11e8-aa40-d5a9fbd0c8d8,5,93,59.0,0,15.0,6.0,1,0,0,0,0,0,0,0
CDD09461-6C89-413F-8AA2-7C5FE623D7E5,90,67,56.0,1,10.0,9.0,0,1,0,0,0,0,0,0
B1C1AEF7-C735-4FAC-90D8-320E39F68AC0,75,87,61.0,0,10.0,10.0,0,0,0,0,1,0,0,0
944c97c0-2f8a-11e8-a339-a38e4cbff0fa,1,29,46.0,1,10.0,13.0,1,0,0,0,0,0,0,0
F7888805-4CB8-41E6-A653-8A77A4EBB651,40,78,84.0,0,0.0,3.0,0,1,0,0,0,0,0,0
0A70BD70-1425-4A54-A085-59EBADD00A98,90,64,72.0,1,10.0,4.0,0,1,0,0,0,0,0,0
1DFAAB89-072A-4CCF-BA26-72A9F55CCC23,40,59,61.0,1,10.0,5.0,0,1,0,0,0,0,0,0
CEE6A9B7-DAF7-4DE0-8B21-21DC4A0CCFAB,75,100,64.0,0,3.0,6.0,0,0,0,0,1,0,0,0
B5FE9CA4-7080-41CA-9871-7FD90A1D9E75,90,81,53.0,1,8.0,8.0,0,0,0,0,1,0,0,0
60BB8ACD-314E-4860-A3ED-751102E287BE,75,100,61.0,1,1.0,2.0,0,0,0,0,1,0,0,0
15965858-8AEA-4B84-9E50-29D4DD4F51DF,90,88,67.0,1,6.0,8.0,0,0,0,0,1,0,0,0
5f159ad0-6ad1-11e7-908f-4b064f587a76,1,87,56.0,1,10.0,6.0,0,1,0,0,0,0,0,0
e16a5790-f150-11e7-aa07-2b123bcc26bc,90,92,22.0,1,1.0,28.0,0,0,0,0,0,0,1,0
883794BE-E950-408E-84F2-A4978BDB07B6,75,88,71.0,1,10.0,5.0,0,1,0,0,0,0,0,0
7eb56230-6086-11e7-be36-e17cbde4202e,90,94,61.0,0,10.0,5.0,0,1,0,0,0,0,0,0
fb7dff40-747e-11e8-97e9-29c7c769a9e2,40,59,66.0,0,10.0,5.0,0,1,0,0,0,0,0,0
6E06341C-18E9-48FE-AC67-F35F7409CCF6,20,44,57.0,1,10.0,4.0,0,0,0,0,1,0,0,0
0830f230-51eb-11e8-9f91-8b602027c07e,90,93,52.0,0,1.0,5.0,0,0,1,0,0,0,0,0
F8B53501-E8A8-4578-A147-4329F421229F,90,88,73.0,1,4.0,5.0,0,1,0,0,0,0,0,0
f81ef890-2136-11e8-943e-89e4a17273e5,1,80,27.0,1,10.0,8.0,1,0,0,0,0,0,0,0
BA1CC533-14C1-49CC-A569-E2576CE2D1F5,75,94,72.0,0,8.0,3.0,0,1,0,0,0,0,0,0
A443E37C-95E4-4688-A01D-A73508B09C53,1,52,45.0,1,10.0,16.0,1,0,0,0,0,0,0,0
7B250E85-9B8F-49A3-AA57-BB71C354FDE9,40,58,84.0,0,10.0,13.0,0,1,0,0,0,0,0,0
0689E459-C7F3-4ED7-8582-58FF1C10B3D4,75,55,61.0,1,10.0,5.0,0,1,0,0,0,0,0,0
E8C298E9-36DC-4749-8347-41BF5E426481,90,93,66.0,0,1.0,4.0,0,0,0,0,1,0,0,0
749FA28B-6DAB-4D12-A104-D08DC0B3034E,90,79,41.0,1,10.0,5.0,0,1,0,0,0,0,0,0
B27167FE-8301-4D86-AFCB-D58F07EF7495,5,82,59.0,0,15.0,4.0,1,0,0,0,0,0,0,0
0b597090-2202-11e8-a5e5-95dc49283092,90,92,33.0,1,2.0,9.0,0,0,0,0,0,0,1,0
9BED198E-CE1F-41B4-B62C-7A941C524A71,1,100,74.0,0,4.0,3.0,0,0,0,0,1,0,0,0
473cfad0-9e15-11e7-8bed-7584bda023cc,75,69,75.0,1,10.0,11.0,0,1,0,0,0,0,0,0
7801B07F-C73A-4EA7-81DC-92E495A5155E,75,40,64.0,1,10.0,12.0,0,1,0,0,0,0,0,0
9D17E599-AD04-4A3E-8203-84FA47916B5B,40,78,84.0,0,0.0,3.0,0,1,0,0,0,0,0,0
5260A45E-559B-4486-A88E-90DD2E543DC0,90,82,64.0,1,10.0,4.0,0,1,0,0,0,0,0,0
3124A30D-6DD6-477D-AC41-EE1D9EFCF511,1,65,81.0,0,10.0,8.0,1,0,0,0,0,0,0,0
29e14870-516b-11e7-b1b1-77126e6b71b6,1,59,71.0,1,10.0,6.0,1,0,0,0,0,0,0,0
5E4AFF11-6850-4CCB-96BA-EA1CBD38787C,1,77,59.0,1,10.0,6.0,0,1,0,0,0,0,0,0
FAC999A7-530D-4FE4-8AB3-44BD1B608E3D,1,41,59.0,1,10.0,16.0,1,0,0,0,0,0,0,0
5DDB34B5-9973-4D85-8856-8999B8198EA3,20,58,81.0,0,10.0,9.0,0,1,0,0,0,0,0,0
638105D6-F348-45AE-9FE9-1CBD0D60F049,90,82,55.0,1,10.0,16.0,0,1,0,0,0,0,0,0
B5A516D3-04CD-4B69-8315-15C1C5FDEE93,1,45,67.0,0,10.0,5.0,1,0,0,0,0,0,0,0
EFF322BF-E76D-47F1-B3CD-7842B7D2594C,1,42,74.0,0,10.0,6.0,1,0,0,0,0,0,0,0
DD488F56-F31E-4F2C-882D-0987721D1ACB,20,73,30.0,1,10.0,5.0,1,0,0,0,0,0,0,0
931E85FF-EC8F-4B9A-92AE-0F44F3765162,1,64,35.0,1,10.0,3.0,1,0,0,0,0,0,0,0
C979BA07-4A46-45DB-85D5-CA2B90E4D94B,1,51,83.0,0,10.0,9.0,0,0,0,0,1,0,0,0
08E2DB7C-7289-4216-A4F3-A424B26692DA,1,60,71.0,0,10.0,4.0,1,0,0,0,0,0,0,0
8f745320-8ca4-11e7-ac04-c565305c02d6,1,87,61.0,0,10.0,8.0,0,1,0,0,0,0,0,0
C73671B2-4E82-4C93-9EE8-DABFD46C07E3,40,82,65.0,1,10.0,5.0,1,0,0,0,0,0,0,0
F09FFB74-CA92-4B00-8230-2E018321EF96,0,69,79.0,1,6.0,13.0,1,0,0,0,0,0,0,0
37ED8D81-924D-4EDE-8A5F-CB3875747474,1,93,58.0,1,10.0,3.0,1,0,0,0,0,0,0,0
B543A78D-0392-4FBA-80CC-B7DFEC9C2593,20,35,73.0,0,10.0,5.0,0,1,0,0,0,0,0,0
ea073c00-9fc0-11e8-b913-5bfb6f049d0c,40,100,72.0,0,1.0,3.0,0,0,0,0,1,0,0,0
964B283F-0754-4AF3-8384-5B51C78AD61D,1,35,83.0,1,10.0,24.0,0,1,0,0,0,0,0,0
6eb5f050-9f8a-11e7-b2a9-8d3ab17c1352,1,100,62.0,0,6.0,3.0,0,1,0,0,0,0,0,0
1FDB3183-7D35-4C78-BD1D-790B12A727E0,20,68,72.0,1,10.0,5.0,0,1,0,0,0,0,0,0
5C1B396B-04C9-4257-9316-B9451C73FEA9,75,100,57.0,1,1.0,6.0,0,0,0,0,1,0,0,0
bd506aa0-5553-11e7-a942-9512a561f29d,75,94,71.0,1,10.0,7.0,0,1,0,0,0,0,0,0
47BF22AC-E901-4EED-9481-667FFD97F034,90,100,61.0,0,1.0,4.0,0,0,0,0,1,0,0,0
69160BE7-C919-4AA9-950E-9E2453D254DF,1,69,72.0,0,10.0,8.0,1,0,0,0,0,0,0,0
E2C6F5AB-B02B-4D63-98CB-A32742FAA53C,1,60,68.0,1,10.0,2.0,1,0,0,0,0,0,0,0
211C690B-0052-4E7F-B0E8-A778EF7C5D36,40,80,33.0,1,10.0,6.0,0,1,0,0,0,0,0,0
CA001E93-B6D1-4FEB-834D-29E0D59932A9,92,95,60.0,1,0.0,2.0,0,1,0,0,0,0,0,0
8856AD37-DF17-4399-A2AF-E26764266267,90,100,64.0,1,4.0,6.0,0,0,0,0,1,0,0,0
B551EBD0-D3B3-44B1-8142-C6EA41CC281A,1,77,70.0,1,10.0,12.0,0,1,0,0,0,0,0,0
73161280-6086-11e7-be36-e17cbde4202e,90,94,61.0,0,10.0,5.0,0,1,0,0,0,0,0,0
F34DF9E0-3A95-4EB4-BFE7-97DE953BBBAA,90,87,48.0,1,3.0,18.0,0,1,0,0,0,0,0,0
8E66E8CC-F6C6-40FA-8B9C-9C42B07045E2,1,58,88.0,0,10.0,6.0,1,0,0,0,0,0,0,0
448DC0B8-04D5-4D45-8FCF-DED8EEBC8B7E,90,96,63.0,1,2.0,20.0,0,0,0,0,1,0,0,0
BF9F7D37-9C96-435F-BEAF-9E691787E28B,20,31,50.0,1,10.0,17.0,0,1,0,0,0,0,0,0
E17E3326-7BEA-4797-84C5-589F17F176A0,90,88,66.0,1,10.0,3.0,0,1,0,0,0,0,0,0
ACFCD1C2-AB63-4903-931E-A8FA02E94A9D,75,71,51.0,1,10.0,9.0,0,1,0,0,0,0,0,0
77C61259-DBD9-4B04-AEFD-380807837814,90,88,65.0,0,10.0,3.0,0,0,0,0,1,0,0,0
3BEB6C96-7AED-488E-92CC-A90F9FFB598C,1,73,73.0,0,10.0,6.0,1,0,0,0,0,0,0,0
8B07D6FF-8624-4A49-AAEB-02E200A8DB55,90,81,53.0,1,10.0,3.0,0,0,0,0,1,0,0,0
687dfb00-611e-11e8-85dd-89a54a8c774f,40,33,88.0,0,20.0,14.0,0,1,0,0,0,0,0,0
7494BB7D-409B-40D8-A4D5-41B10613FD51,1,39,69.0,0,10.0,12.0,1,0,0,0,0,0,0,0
9D917F09-BA6E-4849-8C45-A16DAA1E856A,1,82,60.0,1,10.0,3.0,0,1,0,0,0,0,0,0
C05A8CC9-39E4-48AE-BC9F-6A156422FB38,75,86,37.0,1,10.0,13.0,0,1,0,0,0,0,0,0
204EAFA4-047C-448F-B92C-F69BB24DA7CF,90,93,52.0,1,10.0,4.0,0,0,0,0,1,0,0,0
AF8AC4E3-48A7-4A3C-8408-C409643894C0,90,76,53.0,1,10.0,8.0,0,1,0,0,0,0,0,0
35154DCC-9C17-433F-B48A-1F4ED0F9A617,90,75,42.0,1,7.0,5.0,0,0,0,1,0,0,0,0
5B9E941C-A111-4441-829C-36F2E2042CB3,1,34,32.0,1,10.0,6.0,1,0,0,0,0,0,0,0
F3BA6D8C-7C80-4F56-8F7F-3755B9826C96,90,87,66.0,0,10.0,2.0,0,0,1,0,0,0,0,0
2FCE8C6D-6BEA-41D3-9481-CA8F8044C8DD,75,31,85.0,0,10.0,13.0,0,1,0,0,0,0,0,0
F44308E0-E580-4FCB-B2D9-5D47E637764D,75,61,46.0,1,10.0,10.0,1,0,0,0,0,0,0,0
7FA58F78-1315-48EB-9222-9AC4085EAE33,90,81,53.0,1,8.0,8.0,0,0,0,0,1,0,0,0
E72EAA44-43D9-4CBE-AC95-9BEB1A314816,1,61,35.0,1,10.0,3.0,1,0,0,0,0,0,0,0
B21714A4-BD63-4BA2-9296-65C466681513,1,83,70.0,0,10.0,2.0,1,0,0,0,0,0,0,0
FAD99F91-1ED2-4180-B2FB-F0A902169AD4,75,61,80.0,0,10.0,9.0,0,1,0,0,0,0,0,0
0bf7cb20-9894-11e7-8905-e34c19e368d7,20,64,70.0,1,10.0,3.0,0,1,0,0,0,0,0,0
9B9D6CF9-2511-4FB2-8C6B-A5316C46A870,1,61,79.0,0,10.0,6.0,1,0,0,0,0,0,0,0
33FFDE62-A987-40DA-A8AD-1F6AEA1A7FAD,40,100,66.0,1,10.0,3.0,0,1,0,0,0,0,0,0
4AD04310-7C9B-4015-92B3-AD7BEC1820CF,1,59,38.0,1,10.0,6.0,0,1,0,0,0,0,0,0
CBEB158A-43B7-4ADF-AA12-1C53612F81ED,90,93,37.0,1,2.0,8.0,0,0,1,0,0,0,0,0
50DBD6A0-B745-4058-B52A-F06B02C138A7,1,69,32.0,1,10.0,5.0,0,1,0,0,0,0,0,0
17FA3694-A292-4E09-927E-E0E978C8DB53,1,93,63.0,0,10.0,4.0,1,0,0,0,0,0,0,0
4B861D69-A0B0-409E-AF22-ECA05FBFB9A6,20,87,53.0,1,10.0,8.0,0,1,0,0,0,0,0,0
83F67B09-96B6-49E2-95E4-3EC9760385F8,90,77,58.0,1,10.0,21.0,0,0,0,0,1,0,0,0
e66075f0-430c-11e8-b307-e7faca4d539f,75,59,40.0,1,10.0,11.0,0,1,0,0,0,0,0,0
375E09F5-A658-4090-ABA4-BB33F65A50D4,75,93,54.0,1,0.0,5.0,0,1,0,0,0,0,0,0
E218EAD9-CF7D-41FB-869C-28E5B41A2417,20,41,42.0,1,10.0,20.0,0,1,0,0,0,0,0,0
113784CB-2A42-4557-B3C7-0544EF3819C7,75,87,61.0,1,10.0,5.0,0,0,0,0,1,0,0,0
C495A701-70E1-48C0-92D9-F06B52BDA648,75,77,64.0,1,10.0,3.0,0,1,0,0,0,0,0,0
97F9D10E-7E34-46E4-BCB0-9992746A53CE,90,73,72.0,1,10.0,3.0,0,1,0,0,0,0,0,0
D176F87D-2541-460C-A628-0BE1CDF97071,90,66,33.0,1,20.0,4.0,0,1,0,0,0,0,0,0
D259F774-EBE7-46D7-9AD2-07F100B5BAAD,90,81,53.0,1,8.0,8.0,0,0,0,0,1,0,0,0
D194FF16-CC7A-4BCA-8AFD-D70A84C246FD,1,82,64.0,0,10.0,4.0,1,0,0,0,0,0,0,0
fb1a5310-721b-11e8-b663-67a862397977,1,72,60.0,0,10.0,3.0,1,0,0,0,0,0,0,0
C65C303C-839C-415A-8548-6F39B4C9B042,1,35,26.0,1,10.0,8.0,1,0,0,0,0,0,0,0
0A53AA93-770F-4D39-B44B-A00A610B288C,1,59,61.0,0,10.0,4.0,1,0,0,0,0,0,0,0
D84175CE-DAAA-40FC-9AF4-9E2E528C0999,1,82,59.0,0,10.0,8.0,1,0,0,0,0,0,0,0
3D20782A-1E31-42FE-80E8-C30087C0D4FD,75,84,66.0,1,10.0,6.0,0,1,0,0,0,0,0,0
6B2D05D6-83AC-4201-AB7A-1F985BF72C2D,90,88,65.0,1,10.0,4.0,0,1,0,0,0,0,0,0
3B507B37-32E4-4EC8-AFE8-143DE5867FA9,1,44,79.0,0,10.0,3.0,1,0,0,0,0,0,0,0
96DFDC31-350D-42FF-9D07-095F8AF9D33D,90,93,66.0,0,1.0,4.0,0,0,0,0,1,0,0,0
13B9E73B-4541-4789-929A-28F7FA875B51,20,65,83.0,0,10.0,9.0,0,1,0,0,0,0,0,0
B314AD96-0826-4A24-8410-22E266144CA1,90,94,71.0,0,9.0,5.0,0,0,0,0,1,0,0,0
4C1D045B-E3A1-41E9-A534-63056D39D4C3,20,68,71.0,1,10.0,21.0,0,1,0,0,0,0,0,0
D10D7129-46AB-4310-A884-80093D1D68E0,90,88,73.0,1,9.0,6.0,0,0,0,0,1,0,0,0
3D9F0C18-BE49-4FFD-B5D5-BBD210A620DB,90,92,47.0,1,10.0,5.0,0,0,0,0,1,0,0,0
D1003A14-02AD-4EB2-8D71-2C7E260AFC15,20,40,72.0,0,10.0,11.0,0,1,0,0,0,0,0,0
3833B999-3208-4A09-913F-6BF7A9AA8AA1,1,33,88.0,0,10.0,4.0,1,0,0,0,0,0,0,0
53284922-59C9-40C8-A1FD-CD6F64E243F9,90,93,42.0,1,2.0,9.0,0,0,0,0,1,0,0,0
0892e3b0-17d4-11e8-b4bb-a5f46e77aa37,75,75,43.0,1,10.0,13.0,0,0,0,0,1,0,0,0
F04DC310-3E84-477E-9692-340BCE14EF8C,0,73,78.0,0,6.0,11.0,1,0,0,0,0,0,0,0
07A3F3D1-977A-4F29-AD83-F4AF693A9CAB,75,14,87.0,0,10.0,20.0,0,1,0,0,0,0,0,0
E5899720-FA64-47F1-8FCD-74D46D863E8F,75,61,83.0,0,10.0,11.0,0,1,0,0,0,0,0,0
A3ED6E6B-F7D7-4001-86B2-A2BE84CA9523,1,48,88.0,0,10.0,8.0,1,0,0,0,0,0,0,0
1E704B19-88E0-45EB-8AE6-577610C84AE6,40,93,66.0,1,10.0,4.0,0,1,0,0,0,0,0,0
30747C59-8869-483D-A3F3-A64E905A5F5C,1,60,35.0,1,10.0,4.0,1,0,0,0,0,0,0,0
E5050553-6F0B-4473-9487-67D3DA10C034,40,67,58.0,1,10.0,14.0,0,1,0,0,0,0,0,0
52E49776-27FB-4DC5-BCA3-21EB45CC1508,1,72,60.0,1,10.0,2.0,1,0,0,0,0,0,0,0
90608950-BDF1-4956-AA0B-B803EA32407F,1,68,70.0,1,10.0,2.0,1,0,0,0,0,0,0,0
4B19FF9D-C314-4E56-839B-664AAB3317FF,1,41,59.0,1,10.0,16.0,1,0,0,0,0,0,0,0
25ada9b0-545d-11e8-b337-917286d961af,1,72,58.0,0,10.0,8.0,0,0,0,1,0,0,0,0
A0208198-2139-49E9-81DC-224CCFE10D1D,40,50,66.0,1,10.0,4.0,0,1,0,0,0,0,0,0
D894321F-FDDF-42A0-BF0C-F07B6C2ECA97,20,25,99.0,0,10.0,16.0,0,1,0,0,0,0,0,0
803D1478-D0E0-4102-B8A6-DB95A67AC86C,90,100,53.0,1,7.0,6.0,0,0,0,0,1,0,0,0
AD9B91D2-EC08-427C-A00D-4118DDFF09C7,1,42,43.0,1,10.0,5.0,1,0,0,0,0,0,0,0
ea548ff0-a6d7-11e8-8dac-11e1cda49de4,75,69,66.0,0,10.0,10.0,0,0,0,0,1,0,0,0
C1438AA5-2980-4425-93A4-6D47572834A9,75,48,84.0,0,10.0,8.0,0,0,0,1,0,0,0,0
4A1A66D3-53DE-491F-B1FC-7E12CE4FC35E,40,40,88.0,0,10.0,4.0,0,1,0,0,0,0,0,0
680c8f00-fd1a-11e7-94d0-2301fdccf346,20,67,18.0,1,8.0,6.0,1,0,0,0,0,0,0,0
E23615C1-DC3C-4669-9512-DE7A7D32C912,1,36,75.0,1,10.0,17.0,1,0,0,0,0,0,0,0
225af420-786b-11e8-b872-4d95b20ad14e,75,77,66.0,0,10.0,3.0,0,1,0,0,0,0,0,0
fdd90270-26af-11e8-879e-ff6f3218c642,90,85,33.0,1,1.0,10.0,0,0,0,0,0,0,1,0
3458796F-39F5-488D-ACCC-535EC9AFE298,40,40,66.0,0,10.0,9.0,0,1,0,0,0,0,0,0
9a718cf0-47d1-11e8-8840-97a399dba024,1,47,60.0,0,10.0,11.0,1,0,0,0,0,0,0,0
b9f568a0-62b9-11e8-8d7a-0f6ea1f73713,90,68,68.0,0,10.0,4.0,0,1,0,0,0,0,0,0
96a29f20-4988-11e8-a7a5-19658f20bd1d,40,45,65.0,0,10.0,14.0,0,1,0,0,0,0,0,0
5EAB2CF1-715A-4D6C-BE97-A9B3F975FA2F,1,76,50.0,1,10.0,3.0,1,0,0,0,0,0,0,0
01125B66-EB0B-455F-8672-48E6413510A5,1,48,40.0,1,10.0,17.0,0,1,0,0,0,0,0,0
0390A93B-3969-41EB-8E3F-CAD14AB67E66,90,93,60.0,1,1.0,9.0,0,0,0,0,1,0,0,0
FB9495E9-CB02-48C7-B894-C7F039C4FC52,90,63,28.0,1,10.0,3.0,0,1,0,0,0,0,0,0
05A11569-B04B-4376-888C-00DF1ED4736A,75,61,80.0,0,10.0,9.0,0,1,0,0,0,0,0,0
67802515-9320-47F3-B5BA-EA39CDC95513,1,35,72.0,0,10.0,8.0,1,0,0,0,0,0,0,0
a974d970-45b3-11e8-a7f6-539171a92877,1,22,59.0,0,10.0,13.0,1,0,0,0,0,0,0,0
A1D65FC4-2188-4097-8076-E1210C7535C1,56,56,71.0,1,0.0,5.0,0,1,0,0,0,0,0,0
87AA456A-D18B-4D1D-A219-51AA40525881,1,73,74.0,1,10.0,4.0,1,0,0,0,0,0,0,0
415D5B40-516D-49E9-900A-8EF5C068B779,20,32,68.0,0,10.0,9.0,0,1,0,0,0,0,0,0
675FBD14-8CCE-4685-875C-2061CAB654ED,40,44,74.0,0,10.0,5.0,0,1,0,0,0,0,0,0
552DA703-71BD-4F8A-8A00-555EB6167CEE,90,83,74.0,0,3.0,3.0,0,0,0,0,1,0,0,0
67124F7D-727A-4C07-B885-8D0DB8088FEA,20,64,77.0,0,10.0,6.0,0,1,0,0,0,0,0,0
8D5449E4-0499-4846-8313-AC392C6C74A9,90,100,62.0,1,10.0,3.0,0,1,0,0,0,0,0,0
cd5eb000-6b5f-11e8-935d-63e82b014d23,40,57,81.0,0,10.0,9.0,0,1,0,0,0,0,0,0
A06AA9D4-2901-4FDA-9785-1DD70CC92AC7,90,87,64.0,1,7.0,4.0,1,0,0,0,0,0,0,0
936B6F50-C045-4F03-BB12-9A75F5AA5BD1,90,57,75.0,0,10.0,5.0,0,1,0,0,0,0,0,0
E24767C9-865F-4D8A-90E4-7F6CB4ACAF0F,90,67,63.0,0,10.0,2.0,0,0,0,0,1,0,0,0
CFEF1CC0-982E-483F-A4F1-810CFFC17787,75,75,69.0,1,10.0,8.0,0,1,0,0,0,0,0,0
BC31342A-AD28-4C0B-83B1-429353F315E6,90,96,59.0,1,1.0,8.0,0,0,0,0,1,0,0,0
7F6F2F7D-E615-47D9-968D-469CDDC46211,90,87,57.0,1,10.0,5.0,0,1,0,0,0,0,0,0
9B2997F0-04EA-497B-9E3C-F1C4FFBEAE85,40,69,77.0,0,10.0,9.0,0,0,0,0,1,0,0,0
2B849A97-07AC-453D-B34C-A2DF0D358509,1,82,59.0,0,10.0,8.0,1,0,0,0,0,0,0,0
E6BB39E7-4F01-4F2A-BDF4-B81011227CA8,1,69,72.0,0,10.0,3.0,1,0,0,0,0,0,0,0
A1DC3A7B-CEA1-4760-9438-ED8AEDC2021F,1,100,74.0,0,7.0,4.0,0,0,0,0,1,0,0,0
6ca3ae80-6086-11e7-be36-e17cbde4202e,90,94,61.0,0,10.0,5.0,0,1,0,0,0,0,0,0
e15bbc40-6982-11e7-91b9-a130a8d3792d,40,57,81.0,1,10.0,10.0,1,0,0,0,0,0,0,0
13c80090-207f-11e8-b183-47d3d0f86c62,20,55,36.0,1,10.0,19.0,0,1,0,0,0,0,0,0
769067D2-61EE-448A-9754-944FDB4CB52E,20,37,22.0,1,10.0,11.0,1,0,0,0,0,0,0,0
4E94EA22-01EE-4DF6-9B27-627C3FF253AF,90,65,40.0,1,10.0,4.0,0,1,0,0,0,0,0,0
47416A6B-7F5A-4E1D-94A8-FE4FAE19C2B7,1,35,72.0,0,10.0,8.0,1,0,0,0,0,0,0,0
4D5B56E6-648D-414F-84ED-4D348D0AECA3,75,94,76.0,0,10.0,6.0,0,0,0,0,1,0,0,0
c14a28e0-64d3-11e8-b9fa-c5edf29718b7,75,82,65.0,0,10.0,7.0,0,0,0,0,1,0,0,0
6EC7C1F2-EED6-43E8-A257-C585BA11BC29,40,77,65.0,1,10.0,9.0,0,0,0,0,1,0,0,0
91178ECC-84A5-41E0-A438-F210F77A1F8A,20,82,65.0,0,10.0,12.0,0,0,0,0,1,0,0,0
1b85e070-8e3c-11e7-bd7e-576539d05eac,1,82,61.0,0,10.0,5.0,0,1,0,0,0,0,0,0
09FDEE1F-4462-4876-A1BB-2689BD8707D3,75,60,67.0,0,15.0,9.0,0,1,0,0,0,0,0,0
72443B91-220D-440E-980A-CB3858C4FA05,20,39,64.0,0,10.0,6.0,0,1,0,0,0,0,0,0
066774CF-9E45-46A8-8173-A8D415A38931,90,81,40.0,1,6.0,4.0,0,1,0,0,0,0,0,0
84CAB49B-7237-4435-A1F3-A3D54CA0A6DC,1,55,60.0,0,10.0,4.0,1,0,0,0,0,0,0,0
89c23a30-30ed-11e8-b523-65ce7db73f28,1,63,27.0,1,10.0,3.0,1,0,0,0,0,0,0,0
B389AA7F-B82C-47B5-A2E9-DCF5D37ADB7E,75,32,82.0,0,10.0,5.0,0,1,0,0,0,0,0,0
3D7118DA-4718-4A99-9539-0E94A7022010,1,83,68.0,0,10.0,4.0,1,0,0,0,0,0,0,0
7f273fd0-f9f2-11e7-8f9d-cff67a3c305b,1,66,14.0,1,10.0,6.0,0,1,0,0,0,0,0,0
77D103B0-9A93-496A-B418-C8E3B9FF844E,1,43,11.0,1,10.0,5.0,1,0,0,0,0,0,0,0
A35641B6-C2C0-4E05-AFE1-79ADAD27BF51,90,93,42.0,1,1.0,5.0,0,0,0,0,1,0,0,0
7F873238-69B8-425C-A4FB-6058D47A2960,1,20,73.0,1,10.0,14.0,1,0,0,0,0,0,0,0
50ACE9B4-E6D5-45B2-95FF-3F3D2E21AC9F,90,87,58.0,0,1.0,3.0,0,0,0,0,1,0,0,0
6573D93C-5880-493A-A3EB-69822C3FCAB3,1,76,72.0,0,10.0,5.0,1,0,0,0,0,0,0,0
15EC1E45-57DC-4723-8833-7E7016C5F812,20,69,39.0,1,10.0,8.0,0,1,0,0,0,0,0,0
7277494A-72E2-4133-9AE0-F457D3DAD677,1,60,67.0,0,10.0,4.0,1,0,0,0,0,0,0,0
3AD78548-C038-4ACF-8AF2-F7DB079B6CB3,20,69,80.0,1,10.0,3.0,0,1,0,0,0,0,0,0
2acb6d20-5557-11e7-aaa5-79bc731415ba,90,94,71.0,1,2.0,7.0,0,0,0,0,1,0,0,0
9bf033a0-993b-11e7-901d-178bfb2ba43d,90,100,68.0,1,4.0,3.0,0,0,0,0,1,0,0,0
B3950D09-B3E6-4234-8C2F-02FF92C30285,90,88,77.0,0,7.0,8.0,0,0,0,0,1,0,0,0
82CAA417-7950-4032-A659-2047FD125007,1,48,16.0,1,10.0,4.0,1,0,0,0,0,0,0,0
C2FA2493-63C8-45C0-8AD1-A34FB762747D,20,56,70.0,0,10.0,9.0,0,1,0,0,0,0,0,0
7A8A9F94-129C-475D-B762-3EB5ECCDC84C,90,86,29.0,1,3.0,4.0,0,1,0,0,0,0,0,0
4125B8B9-0328-431C-A7AA-0FC5198D85C1,1,55,37.0,1,10.0,6.0,0,1,0,0,0,0,0,0
B7F5C3D4-39D3-4FA6-A8BC-48F78720FB46,1,94,72.0,0,10.0,3.0,1,0,0,0,0,0,0,0
8C3D31AF-D0FC-4556-8AE6-F437B471DB15,1,77,59.0,1,10.0,6.0,0,1,0,0,0,0,0,0
66d50ec0-67e9-11e8-87bd-47c3c1cb7296,90,93,52.0,1,2.0,5.0,0,0,0,0,1,0,0,0
36F829DB-6FC0-468B-970C-46853D2F9C4A,75,33,84.0,1,10.0,8.0,0,1,0,0,0,0,0,0
2D1B8631-F713-4AFC-9923-5739240054FB,20,56,67.0,0,10.0,6.0,0,1,0,0,0,0,0,0
26E7CB04-04DF-425B-9828-87754FC2A3D4,1,77,72.0,1,10.0,4.0,1,0,0,0,0,0,0,0
2D48E228-5EEA-4434-AEEB-27138EDBBD25,1,51,83.0,0,10.0,9.0,0,0,0,0,1,0,0,0
FF8ACE27-429C-4F4C-AE01-D1330194E4EA,75,58,29.0,1,10.0,1.0,0,1,0,0,0,0,0,0
EA47C525-5C2C-4D6E-93B1-16B22560BB1E,1,71,56.0,1,10.0,6.0,1,0,0,0,0,0,0,0
A4738CE3-31CB-4ED5-92C3-221622C6AB13,90,100,59.0,0,8.0,3.0,0,0,0,0,1,0,0,0
FBD52BAE-71EC-4014-836E-249D5895A03E,1,78,70.0,0,10.0,4.0,1,0,0,0,0,0,0,0
739BE041-222A-4690-AD3D-843854685AB7,90,94,79.0,0,3.0,0.0,0,0,0,0,1,0,0,0
C0CC7BB8-A9DE-409E-B552-CA900DD7DFA1,90,93,59.0,1,8.0,3.0,0,1,0,0,0,0,0,0
6e70e110-6ad1-11e7-908f-4b064f587a76,1,87,56.0,0,10.0,6.0,0,1,0,0,0,0,0,0
ECBA4CD6-D2B5-484A-A70A-D27B60E1C3A9,1,13,93.0,0,10.0,5.0,1,0,0,0,0,0,0,0
ECDC89E8-12FF-4212-B312-2C05FCD80B7C,40,21,100.0,0,10.0,4.0,0,1,0,0,0,0,0,0
61268F60-370E-4FED-AD5B-D13A3501903D,1,36,78.0,0,10.0,5.0,1,0,0,0,0,0,0,0
24E9C14A-D5D6-4997-950B-EBDA05382DD8,75,73,73.0,1,10.0,14.0,0,0,0,0,1,0,0,0
20010480-6a47-11e8-b56f-376f549f1f43,90,77,59.0,0,10.0,3.0,0,1,0,0,0,0,0,0
A246E1BB-133F-418E-ADFA-04858A19BF9A,90,93,48.0,1,1.0,22.0,0,0,0,0,1,0,0,0
B9E6AC6B-28DE-41FB-90D8-B1DBC83B915B,1,45,44.0,1,10.0,6.0,1,0,0,0,0,0,0,0
E43E5409-CF16-4972-98A1-A4349E4E9189,75,71,58.0,0,10.0,9.0,0,1,0,0,0,0,0,0
456087B9-A98C-430C-B9E5-D93F368AD181,75,61,80.0,0,10.0,6.0,0,0,0,0,1,0,0,0
A96D97BC-DF17-44D2-8A1E-07D59E9283E8,1,28,69.0,1,10.0,3.0,1,0,0,0,0,0,0,0
cfdbdb30-70d4-11e8-955c-07ae5009e4ac,75,38,74.0,0,10.0,5.0,0,1,0,0,0,0,0,0
8E8F81AE-2DFE-4915-8BCA-152738FBEF51,1,25,26.0,0,10.0,2.0,1,0,0,0,0,0,0,0
bca64ed0-9879-11e7-ac22-4bf203978489,90,100,57.0,0,0.0,2.0,0,1,0,0,0,0,0,0
247B477B-388C-410D-AC49-CAB9DFC126FF,1,68,69.0,1,10.0,3.0,1,0,0,0,0,0,0,0
D6A02002-326C-4573-B6BF-23C085561376,1,40,14.0,1,10.0,16.0,1,0,0,0,0,0,0,0
dd3804e0-6acf-11e7-908f-4b064f587a76,1,87,56.0,0,10.0,6.0,0,1,0,0,0,0,0,0
A9AA72BE-2BB9-4925-9C73-9AD872729FAA,75,86,33.0,1,10.0,2.0,0,1,0,0,0,0,0,0
bc75b130-60bb-11e7-8441-799a20e48d26,40,49,72.0,1,10.0,9.0,0,1,0,0,0,0,0,0
404E4221-F72C-4477-A6EC-9BE16A349A2F,1,65,44.0,1,10.0,5.0,1,0,0,0,0,0,0,0
84371A6B-C503-4B77-980E-69E559B94209,90,92,29.0,1,1.0,6.0,0,0,0,0,0,0,1,0
ddb7f570-9679-11e8-89ac-033aee5d533f,20,58,85.0,0,10.0,7.0,0,0,0,0,1,0,0,0
62EACE21-06AC-44A7-9E97-C8E30A035771,75,84,76.0,0,6.0,3.0,0,0,0,0,1,0,0,0
6CAC1CBD-DEEA-4F2E-974F-945CCA740C87,1,59,90.0,0,10.0,11.0,1,0,0,0,0,0,0,0
41F3F63D-D7EE-4C7B-958E-414C89B37170,1,73,26.0,1,10.0,8.0,0,1,0,0,0,0,0,0
69197290-516d-11e7-9098-6d44c9184f7c,5,46,71.0,1,10.0,2.0,1,0,0,0,0,0,0,0
4E0664F7-9A7D-4B8B-BC07-AE9E2C011FA4,75,69,83.0,0,10.0,10.0,0,0,0,0,1,0,0,0
28362b70-6ad0-11e7-908f-4b064f587a76,1,87,56.0,0,10.0,6.0,0,1,0,0,0,0,0,0
C4A4547F-8444-4213-A8AD-4A2A07C698F1,90,83,74.0,1,10.0,3.0,0,1,0,0,0,0,0,0
41E555E5-12BD-493A-A10C-331B8B634DDC,40,45,61.0,0,10.0,9.0,0,1,0,0,0,0,0,0
0cdd8d50-fc57-11e7-bc96-4112a1e00448,20,67,13.0,1,10.0,8.0,1,0,0,0,0,0,0,0
8D7ADCA3-F94D-4F69-B1E9-04343BF86178,1,55,55.0,1,10.0,3.0,0,1,0,0,0,0,0,0
F7FF0CD1-F6AA-44BE-9E43-BA8456AA4190,75,94,73.0,0,4.0,5.0,0,0,0,0,1,0,0,0
702F35F9-417C-486C-8A75-408C31B8459D,1,46,72.0,1,10.0,8.0,1,0,0,0,0,0,0,0
4C2CBE41-69A3-4092-9E52-032011092A81,90,93,68.0,1,2.0,4.0,0,0,0,0,1,0,0,0
CDC608E0-03EB-4882-A36D-B3D86F640AF1,1,64,34.0,1,10.0,10.0,1,0,0,0,0,0,0,0
3824DBE0-5974-48EB-B221-AC7C6A5B8121,75,66,77.0,0,10.0,8.0,0,1,0,0,0,0,0,0
CEA54B03-7D77-4238-B4EE-4E4232E01FFC,90,100,71.0,0,0.0,2.0,0,0,1,0,0,0,0,0
2F9BF478-1669-41BE-AD0A-E4EBE8A966C2,1,51,83.0,0,10.0,9.0,0,0,0,0,1,0,0,0
BC6518CC-A12E-4C39-A152-55F06C09764C,1,88,63.0,1,10.0,3.0,0,1,0,0,0,0,0,0
14632E2C-254F-4757-967F-4DDBDE93988D,90,100,58.0,1,2.0,8.0,0,0,0,0,1,0,0,0
A030620D-77A2-4842-88F2-E058569A29C7,1,51,32.0,1,10.0,4.0,1,0,0,0,0,0,0,0
bab12ca0-2d05-11e8-a91e-7b521ba3b56d,90,55,33.0,1,2.0,14.0,0,0,0,0,0,0,1,0
7FE2C11D-5F91-4152-8FE8-FDFB89804135,90,93,50.0,1,5.0,5.0,0,0,0,0,1,0,0,0
8D2476AE-D968-4E2A-9394-03FFF682B227,90,91,66.0,1,2.0,5.0,0,0,0,0,1,0,0,0
AB120D9B-6974-4A36-A3E4-A47E77D0FD9F,75,100,43.0,1,10.0,2.0,1,0,0,0,0,0,0,0
82FDB0D3-7F8D-410A-B884-743E38F69E70,1,46,11.0,1,10.0,12.0,0,1,0,0,0,0,0,0
1045D7E0-4630-4278-833D-E25AE9B83DC1,40,78,84.0,1,0.0,3.0,0,1,0,0,0,0,0,0
EAE3AE73-37E8-4019-99C7-FF73A0B0F066,40,68,73.0,0,10.0,10.0,0,1,0,0,0,0,0,0
88250c90-2b69-11e8-9415-01ceeae8e2e3,1,58,29.0,1,10.0,5.0,1,0,0,0,0,0,0,0
D006BA05-D2E3-4160-B811-0110CA819080,1,39,79.0,0,10.0,19.0,0,0,0,0,0,1,0,0
64c53710-b062-11e8-b776-47c0e0067e5a,20,57,87.0,0,10.0,10.0,0,1,0,0,0,0,0,0
278EA763-D5BD-4D41-A937-391B0D255125,1,42,81.0,1,10.0,10.0,1,0,0,0,0,0,0,0
39783d00-1aee-11e8-8b62-2b00a21944e5,1,81,41.0,1,10.0,8.0,0,0,1,0,0,0,0,0
719c24a0-9dfb-11e7-a7d1-a7a1e4fdc318,40,77,71.0,1,10.0,13.0,0,1,0,0,0,0,0,0
64308704-CADF-43F1-AB62-C81833F09FD1,40,69,78.0,1,10.0,3.0,0,1,0,0,0,0,0,0
87896F8D-C50B-4A6C-9ADA-20DB21DE9080,75,67,58.0,1,10.0,14.0,0,1,0,0,0,0,0,0
55677F51-DC90-4FE4-91B8-DAB86C2B2486,20,78,79.0,0,2.0,4.0,0,0,0,1,0,0,0,0
BCD9F733-0092-45FB-B4AF-16E976C8DDBF,75,83,77.0,0,10.0,3.0,0,1,0,0,0,0,0,0
f0d15c10-5c58-11e8-9a3b-05370ff112bf,90,73,78.0,0,20.0,14.0,0,1,0,0,0,0,0,0
efca1b80-2dc4-11e8-8656-49499d73116b,90,86,33.0,1,10.0,8.0,0,0,0,0,1,0,0,0
7f0a1bb0-ed8d-11e7-a8e6-19cf5fbb5d97,90,85,19.0,1,1.0,5.0,1,0,0,0,0,0,0,0
7113994C-D4C6-4707-A9A0-0A66A12D2B47,92,95,60.0,1,0.0,2.0,0,1,0,0,0,0,0,0
0A660F11-F9F1-42E9-B8A2-01E8D885713E,90,96,55.0,1,7.0,12.0,0,0,0,0,1,0,0,0
67ED43A9-4905-4B47-B213-E7B71B746190,20,54,83.0,1,20.0,8.0,1,0,0,0,0,0,0,0
F4D1C7EC-6B40-460C-AEA8-454DB67A313B,20,63,59.0,1,10.0,5.0,0,1,0,0,0,0,0,0
24768A62-1467-4DC7-AE2B-2DCEF731C509,40,94,74.0,1,10.0,13.0,0,0,0,0,1,0,0,0
8b6ebb90-14bb-11e8-aaf4-3bab78e0af06,1,69,36.0,1,10.0,9.0,1,0,0,0,0,0,0,0
5b0dcc40-680b-11e8-b79d-bf818eb3fc0d,75,77,58.0,0,10.0,9.0,0,0,0,0,1,0,0,0
4B1AEA55-374C-42D7-8A21-8BB1847E9D08,40,68,65.0,0,10.0,3.0,0,0,0,0,1,0,0,0
5644fde0-c2e9-11e7-a156-5d8d1afbe51f,90,88,62.0,1,10.0,9.0,0,0,0,0,1,0,0,0
4f8b4e50-4949-11e8-85d8-6fc5654df5f5,90,87,55.0,1,10.0,8.0,0,0,0,0,1,0,0,0
ADC9074A-1564-4051-B11B-95B38D325591,90,96,57.0,1,7.0,12.0,0,0,0,0,1,0,0,0
6c3b9d90-22c8-11e8-844a-5d24049060a8,90,92,31.0,1,15.0,7.0,0,0,0,0,0,0,1,0
0DE7EA1E-BF23-4C5C-A21C-1035D5348BC1,90,89,31.0,1,1.0,3.0,0,1,0,0,0,0,0,0
FA7F49CB-F268-433B-A98F-B4592E93FAAA,75,83,72.0,1,9.0,6.0,0,0,0,0,1,0,0,0
116A9C18-4AC3-4C06-83DC-46FCD731776A,1,60,67.0,1,10.0,9.0,0,1,0,0,0,0,0,0
E183B78B-F90B-4977-BC2C-0B682574AA86,1,43,85.0,1,10.0,8.0,0,1,0,0,0,0,0,0
9C3432D3-9591-45F0-9A4E-2871DD330550,1,100,74.0,1,7.0,4.0,0,0,0,0,1,0,0,0
1D619B29-6F8D-4D13-BD21-576F831D13E3,1,66,51.0,1,10.0,8.0,0,0,0,0,1,0,0,0
9d9da1b0-7225-11e8-93e6-631041867dec,5,68,64.0,0,20.0,3.0,1,0,0,0,0,0,0,0
17dea560-2842-11e8-a8e9-45e6d63a2906,1,63,31.0,1,10.0,9.0,1,0,0,0,0,0,0,0
09B24C0D-F198-4C77-A2CF-E32B7F998A96,90,88,66.0,1,10.0,4.0,0,0,0,0,1,0,0,0
c960f2b0-5553-11e7-9943-199979f35244,75,94,71.0,1,10.0,7.0,0,0,0,0,1,0,0,0
eb921900-585e-11e7-abd0-57f7b9979055,75,78,82.0,1,20.0,8.0,0,0,0,0,1,0,0,0
4F20435C-DF07-4D4E-BF43-BE54C4A967F6,40,42,79.0,0,10.0,2.0,0,1,0,0,0,0,0,0
25634A4C-AE03-4B5C-AB9E-2F3D7247465F,1,13,86.0,0,10.0,8.0,1,0,0,0,0,0,0,0
979EFC45-30BF-47E3-ADC6-DB9DD4424631,1,76,56.0,1,10.0,3.0,1,0,0,0,0,0,0,0
e7fae620-e0e2-11e7-b6df-2beb3c48f0e5,75,73,26.0,1,6.0,7.0,0,1,0,0,0,0,0,0
25F39CE8-797C-47AF-B8B3-0129E3083502,90,82,57.0,1,10.0,8.0,0,1,0,0,0,0,0,0
a9082d10-1b02-11e8-98f4-ed16586cbb07,90,87,49.0,1,8.0,14.0,0,0,0,0,1,0,0,0
DCE56A00-9ED1-4556-8B42-78D5156834CF,90,93,37.0,1,2.0,8.0,0,0,1,0,0,0,0,0
5C46ADF1-7559-4D9D-ABF0-B9CA25D2AFDB,20,56,15.0,1,10.0,8.0,0,1,0,0,0,0,0,0
12D3ADF7-90B1-440D-9FE3-76ECB8401850,90,94,71.0,0,10.0,4.0,0,1,0,0,0,0,0,0
E14F9EC6-B012-453F-BBFC-7199E9579395,5,52,62.0,1,15.0,3.0,1,0,0,0,0,0,0,0
D273C66B-6454-4C0C-9752-7FA6522502F2,90,86,61.0,1,10.0,13.0,0,0,0,0,1,0,0,0
C68A0610-9F33-4E93-AD16-A9C2D84270A4,1,51,83.0,0,10.0,9.0,0,0,0,0,1,0,0,0
6044B964-0B63-49F1-A478-9472CF57CD80,1,57,73.0,0,10.0,5.0,1,0,0,0,0,0,0,0
6C4D6A53-8986-45A1-A185-0F1C8E273CCA,90,87,55.0,1,5.0,8.0,0,1,0,0,0,0,0,0
0993D858-7457-4732-B5AE-EE27CB5E7DA9,75,78,70.0,1,10.0,21.0,0,1,0,0,0,0,0,0
4BDF29B7-60AC-4FD7-9C68-06AE4C764E25,40,56,63.0,0,10.0,6.0,0,1,0,0,0,0,0,0
015C7BC5-638A-4416-A948-A6979F3498DD,40,72,61.0,0,5.0,9.0,0,0,0,1,0,0,0,0
7eca55a0-5555-11e7-aaa5-79bc731415ba,75,94,71.0,1,10.0,7.0,0,0,0,0,1,0,0,0
19B850D2-6CCF-4B44-B004-3362011918C0,5,100,48.0,0,10.0,1.0,0,0,1,0,0,0,0,0
5F94B03C-7FC1-48D4-A15F-BB3751404B03,20,56,75.0,0,10.0,12.0,0,1,0,0,0,0,0,0
B41056B7-5272-403B-A804-3CD7AA894B8B,1,57,77.0,0,10.0,10.0,1,0,0,0,0,0,0,0
B9F9226B-3048-4954-830C-52D0524B7415,1,94,72.0,0,3.0,2.0,0,0,0,0,1,0,0,0
A1AB70AD-CACE-46C9-891F-33CBEDDAFE9B,20,78,79.0,1,2.0,4.0,0,0,0,1,0,0,0,0
80cb7a20-4f8a-11e8-8376-ddba105bd67f,40,100,66.0,0,10.0,5.0,0,0,0,0,1,0,0,0
52AF776B-EDC9-4997-896C-B5574D5CD052,1,64,72.0,1,10.0,2.0,0,1,0,0,0,0,0,0
AEFE8FBA-7D4D-4540-8575-852A5CA81953,90,72,64.0,0,10.0,6.0,0,0,0,0,1,0,0,0
4DAE3DF9-A8E7-4AF7-88CF-48BFE86D05E4,1,56,7.0,1,10.0,2.0,1,0,0,0,0,0,0,0
C29F2FF5-0360-4713-B0E7-4A7F9B3DF858,40,54,83.0,0,10.0,14.0,0,1,0,0,0,0,0,0
575D430F-DABF-4159-94D5-F094FD6B2FD0,1,81,42.0,1,10.0,4.0,1,0,0,0,0,0,0,0
A8B531DE-4744-46CC-ACAF-6AFB0CC351ED,90,60,71.0,0,10.0,10.0,0,1,0,0,0,0,0,0
593E7382-9176-4E58-84DE-80E311817782,75,100,57.0,1,1.0,6.0,0,0,0,0,1,0,0,0
1EC57706-849C-4961-BBDA-A5AD07BB4461,1,76,50.0,1,10.0,3.0,1,0,0,0,0,0,0,0
B0B6097A-CC0C-42B0-8231-2589FFF680D4,75,71,49.0,1,10.0,5.0,0,1,0,0,0,0,0,0
7178B3D6-67FF-44CD-ABE9-40FBDEE657CB,40,93,54.0,0,10.0,4.0,0,0,0,0,1,0,0,0
F7CAF186-963A-4F97-9265-648889056626,5,40,85.0,0,20.0,2.0,1,0,0,0,0,0,0,0
D6E39CBF-9A97-4617-B892-480E8A1E66BC,75,88,73.0,0,10.0,5.0,0,0,0,0,1,0,0,0
EBD7B109-4562-4F6D-B4E4-FBB21EC1F115,1,69,82.0,0,10.0,5.0,1,0,0,0,0,0,0,0
484aefa0-40bc-11e8-833f-4db8b42b6384,90,64,40.0,1,10.0,15.0,0,1,0,0,0,0,0,0
1A7DBD92-8409-4134-9C5A-70751D267445,90,68,71.0,1,20.0,11.0,0,1,0,0,0,0,0,0
BE5A8C1C-6CA0-460D-B1C8-BB1E4F0579FA,90,82,64.0,1,9.0,4.0,0,1,0,0,0,0,0,0
03817C89-1E06-492A-A5ED-AFDE8612C06E,40,62,21.0,1,20.0,13.0,1,0,0,0,0,0,0,0
d2afebb0-7617-11e8-b4d9-1da352a31440,40,55,66.0,0,10.0,6.0,0,1,0,0,0,0,0,0
B44C47A3-8286-411A-B592-570001B03475,75,44,57.0,0,10.0,14.0,0,0,0,0,1,0,0,0
315ED7ED-A659-46F5-828F-3EDCC259C031,20,56,47.0,1,10.0,2.0,0,0,0,1,0,0,0,0
67DAD324-2D9F-4C64-8F2B-93E8602A6CCE,1,55,91.0,0,10.0,5.0,1,0,0,0,0,0,0,0
76197090-6ad0-11e7-908f-4b064f587a76,1,87,56.0,0,10.0,6.0,0,1,0,0,0,0,0,0
829a5da0-5169-11e7-8b05-1f3dc69d681d,1,59,71.0,1,10.0,6.0,1,0,0,0,0,0,0,0
B88886AA-D120-4BD4-AF39-29B24B065144,90,100,56.0,1,3.0,3.0,0,1,0,0,0,0,0,0
A2513AAC-6DD9-47D3-ADAC-A6C8E5F62BFE,90,81,54.0,0,7.0,9.0,0,0,0,0,1,0,0,0
D7445800-3368-4519-8743-E6E3665EC51F,75,93,65.0,0,5.0,3.0,0,0,0,0,1,0,0,0
C2C64D8A-B734-4A2A-A1CC-722DDECA864C,40,88,73.0,0,10.0,5.0,0,0,0,0,1,0,0,0
312CB0BD-9971-48F7-A187-B96E4958F0FD,1,57,76.0,1,10.0,11.0,1,0,0,0,0,0,0,0
E23A5EAA-800F-44B6-B25B-9B8F27345010,90,94,70.0,0,3.0,6.0,0,0,0,0,1,0,0,0
993ebd20-a06b-11e7-aabc-6d336aab7ccf,1,56,74.0,1,10.0,15.0,1,0,0,0,0,0,0,0
249e4f80-5557-11e7-aaa5-79bc731415ba,90,94,71.0,1,2.0,7.0,0,0,0,0,1,0,0,0
2F0E7273-FFFF-4A74-AF1A-E5C5B72C4C27,75,85,24.0,1,10.0,6.0,0,1,0,0,0,0,0,0
C14E4488-578E-4B97-9FDB-90B8E2467586,75,29,77.0,1,10.0,9.0,1,0,0,0,0,0,0,0
4096c720-1a4c-11e8-a648-4dce2c75a7a5,90,100,41.0,1,3.0,14.0,0,0,0,0,1,0,0,0
195745e0-7555-11e8-a32a-c96eb4a9a993,75,83,68.0,0,10.0,5.0,0,0,0,0,1,0,0,0
D5A88683-D438-4A7A-BC35-153F674966A4,1,37,53.0,1,10.0,3.0,1,0,0,0,0,0,0,0
C0784390-B4F3-49A4-8E99-2CB8A4D6FE51,90,82,70.0,0,10.0,9.0,0,1,0,0,0,0,0,0
30EA62DF-9E25-44FB-9B47-6B1F66AAB871,75,93,66.0,1,10.0,2.0,0,0,0,0,1,0,0,0
73087C44-9F2E-42F2-8B64-672B82A33AC8,40,100,70.0,1,10.0,5.0,0,1,0,0,0,0,0,0
d28b77e0-1ef0-11e8-aec1-55b4d838c95b,1,60,38.0,1,10.0,11.0,1,0,0,0,0,0,0,0
14A58ED8-0836-4623-B4BF-5AA819E7F9F7,75,48,44.0,1,10.0,21.0,0,1,0,0,0,0,0,0
FE755C85-965F-4120-8E26-738D54B04F0E,75,72,61.0,0,10.0,6.0,0,1,0,0,0,0,0,0
06C101F9-0816-4BD6-91FB-0C12E0CB88F9,75,87,44.0,0,4.0,10.0,0,0,1,0,0,0,0,0
CB858456-1539-4738-A0DE-F8E381B22464,40,100,44.0,1,7.0,2.0,1,0,0,0,0,0,0,0
6B7AA171-8452-4F63-BCC3-043635D4BC40,1,100,64.0,1,5.0,3.0,0,0,0,0,1,0,0,0
71C19328-19AA-4BAD-A830-09B25C97AF86,1,52,76.0,1,10.0,11.0,1,0,0,0,0,0,0,0
FE2AE1EE-F399-4740-A1D5-4E83174AF9F0,40,51,82.0,1,10.0,14.0,0,1,0,0,0,0,0,0
0dfdd420-5dd7-11e7-8932-b96748e46eb9,75,66,87.0,1,15.0,6.0,0,1,0,0,0,0,0,0
90C527BD-CA9B-4515-A741-43D3B67A6CFA,20,67,68.0,1,10.0,16.0,0,1,0,0,0,0,0,0
63c47430-0fd5-11e8-a3de-a95bf78953b0,20,51,36.0,1,10.0,9.0,0,1,0,0,0,0,0,0
E5098EDC-4565-4454-9063-35AAC5E8A478,90,92,47.0,1,10.0,5.0,0,0,0,0,1,0,0,0
1FAFE53A-5C7F-4C25-A8D6-166A433E8948,5,45,26.0,1,20.0,8.0,1,0,0,0,0,0,0,0
b99b7d90-5e96-11e7-86d5-01fa933c164e,75,78,81.0,1,10.0,7.0,0,0,0,0,1,0,0,0
FC13E2E8-E047-459D-9DF6-04EB731F02B7,1,27,73.0,0,10.0,4.0,1,0,0,0,0,0,0,0
DB23D16F-08A9-4C38-B615-C3A243FF901D,75,65,76.0,0,10.0,3.0,0,0,0,1,0,0,0,0
5A8C2E63-0050-463F-AFBE-B3F04E5CBB8D,1,83,74.0,1,10.0,2.0,0,0,0,0,1,0,0,0
093A1154-E38F-4D24-B643-50E36588B240,1,58,83.0,0,10.0,9.0,1,0,0,0,0,0,0,0
327B4960-128D-42DE-A19E-2F154599BD17,20,64,74.0,0,10.0,6.0,0,0,0,0,1,0,0,0
F3AAF8D4-1F2F-4B8A-8CFB-23AE6ABE345D,90,87,55.0,1,5.0,8.0,0,1,0,0,0,0,0,0
99233B3A-59B6-4C79-A5CC-62958B133B45,75,69,64.0,1,10.0,6.0,0,1,0,0,0,0,0,0
306FC469-2DCF-455A-BE01-F410E04F5F0F,1,51,83.0,0,10.0,9.0,0,0,0,0,1,0,0,0
11187A3B-2A12-421D-975C-E0F2E0FFF552,20,50,68.0,0,10.0,13.0,0,1,0,0,0,0,0,0
2dffc920-489e-11e7-accd-d1188fe465f0,40,30,72.0,1,10.0,13.0,1,0,0,0,0,0,0,0
3AFE7FEA-C6C7-4267-B5A0-8A018EDF34DB,75,93,63.0,1,10.0,3.0,0,1,0,0,0,0,0,0
419B0215-6E9C-48FE-BD63-2AD59DAFEA48,1,64,67.0,1,10.0,3.0,1,0,0,0,0,0,0,0
A722D78A-55B2-44ED-9415-C3C10F96CC5E,1,47,76.0,1,10.0,11.0,0,1,0,0,0,0,0,0
817361B5-6D0B-4B4E-AD4A-C586490064D0,1,39,80.0,1,10.0,4.0,1,0,0,0,0,0,0,0
EEDD4404-531B-42ED-ADE9-24EA2DE143C9,1,61,78.0,1,10.0,4.0,1,0,0,0,0,0,0,0
6116C39F-2B59-47DD-8A54-2380CA73675C,90,82,67.0,1,10.0,2.0,0,1,0,0,0,0,0,0
59FB9FEB-7C28-4539-B575-3BB42F359DFD,75,83,84.0,0,2.0,6.0,0,0,0,0,1,0,0,0
BC66A34D-ECE9-41F5-9521-FD443091A952,1,40,72.0,1,10.0,8.0,0,1,0,0,0,0,0,0
09967657-AB61-4833-9B26-306B85EDDC6F,1,13,86.0,0,10.0,8.0,1,0,0,0,0,0,0,0
CC7D2CFD-9860-473D-94D4-7B08F3B55855,90,96,61.0,1,1.0,2.0,0,0,1,0,0,0,0,0
F07AC5CD-8F11-4A88-9448-91C28B2748E9,20,42,50.0,1,10.0,6.0,0,1,0,0,0,0,0,0
40D198B3-654E-4613-B1C3-92E9CE4F49AF,1,58,60.0,1,10.0,2.0,1,0,0,0,0,0,0,0
55b5ab20-0fd5-11e8-a3de-a95bf78953b0,20,51,36.0,0,10.0,9.0,0,1,0,0,0,0,0,0
E0200545-0E4C-4F4B-BA3D-91F8C9D48E8F,75,37,67.0,0,10.0,14.0,0,1,0,0,0,0,0,0
31A96EF7-2538-480A-BDEA-56D1E765F184,90,82,57.0,0,10.0,3.0,0,0,0,1,0,0,0,0
730CF293-963F-4F60-A6AA-8A12911F46ED,90,56,41.0,1,10.0,18.0,0,1,0,0,0,0,0,0
D959ACCA-ADE3-46DB-88A1-F4726809C651,92,95,60.0,0,0.0,2.0,0,1,0,0,0,0,0,0
4A62959E-F713-45C2-BB0D-DCD19907B024,90,87,58.0,1,6.0,6.0,0,0,0,0,1,0,0,0
EEA3C6F5-EDD1-4987-84DB-27026C77E996,40,72,59.0,1,10.0,10.0,0,0,0,0,1,0,0,0
0A9AC29F-5A3B-4435-81EB-EEA1E0A439D7,1,57,47.0,1,10.0,11.0,0,1,0,0,0,0,0,0
B1EC6E33-C1E5-40B5-B45E-381B83D040E5,90,93,56.0,1,10.0,4.0,0,1,0,0,0,0,0,0
9A95E6AA-7B5F-4279-8C9B-9619B258EEFB,90,100,71.0,0,0.0,2.0,0,0,1,0,0,0,0,0
47C3B9A2-AB52-4521-9AA7-4392852D475D,1,52,62.0,0,10.0,10.0,1,0,0,0,0,0,0,0
D5608F90-2FD8-405D-801A-0549BBBF80FD,75,94,72.0,0,6.0,4.0,0,0,0,0,1,0,0,0
9472FFCE-F261-457E-881E-85F2A9ABAA6B,1,51,83.0,0,10.0,9.0,0,0,0,0,1,0,0,0
c93a45c0-1d62-11e8-a82b-612b1252bc3b,1,62,54.0,1,10.0,5.0,1,0,0,0,0,0,0,0
F162FFA7-2E02-42DB-A6B9-84070C1FCC96,40,82,56.0,0,15.0,3.0,0,0,0,1,0,0,0,0
2cc65bc0-0c0f-11e8-9797-2dbf24b43108,90,68,27.0,1,2.0,10.0,0,0,0,0,1,0,0,0
B570049A-6925-4421-8DE5-AC448417E826,48,94,46.0,0,0.0,3.0,0,1,0,0,0,0,0,0
71d687d0-6b0a-11e8-94b2-450c492cae1e,1,87,56.0,0,10.0,3.0,0,0,1,0,0,0,0,0
fb2e5b80-0a79-11e8-976c-d18004c7293c,90,58,35.0,1,8.0,10.0,1,0,0,0,0,0,0,0
7A1BF980-65D1-4F22-96B7-8EB813B2A656,90,90,72.0,0,10.0,9.0,0,1,0,0,0,0,0,0
F53FC095-EDBE-4E0E-AAC7-37BC042E9C8E,1,13,86.0,0,10.0,8.0,1,0,0,0,0,0,0,0
EB9707D9-A5CF-43C4-AB6C-1F04D6D64069,1,56,71.0,1,10.0,6.0,0,1,0,0,0,0,0,0
5c4bf7c0-e689-11e7-8777-fd0da64a37b6,1,40,38.0,1,10.0,9.0,0,1,0,0,0,0,0,0
ED0826DE-0931-4C45-93BC-107907787D67,5,82,59.0,1,10.0,9.0,1,0,0,0,0,0,0,0
22DBFC4A-8DB5-43EE-8230-F2F8658886A7,40,64,71.0,0,10.0,13.0,0,1,0,0,0,0,0,0
7e5bb320-8d6d-11e7-80ea-b5b2161ddc58,90,93,60.0,0,10.0,8.0,0,1,0,0,0,0,0,0
6B584005-B1EF-4AAF-B161-1057C8AABEC3,1,83,79.0,0,10.0,3.0,1,0,0,0,0,0,0,0
0563DDE9-331C-43EC-96F7-BF987ADE07FD,90,94,72.0,1,2.0,5.0,0,0,0,0,1,0,0,0
BF42FA3A-A936-4E88-91CD-CC1722A5BC5E,75,83,64.0,1,10.0,9.0,0,0,0,0,1,0,0,0
FC3A9503-3577-4305-8485-E0D95CD436A4,1,76,57.0,1,10.0,3.0,1,0,0,0,0,0,0,0
8B4BAC66-9736-47CF-AB7D-210E5D855077,40,64,58.0,1,10.0,12.0,0,1,0,0,0,0,0,0
4113A4C6-2D75-46D9-8E63-B5C5790283F0,1,51,55.0,1,10.0,3.0,0,1,0,0,0,0,0,0
96E3DCF0-F5B2-473B-9C04-9B582DEBA603,40,58,28.0,1,10.0,11.0,0,1,0,0,0,0,0,0
F4C624E4-286F-4030-AE40-5F54296A77F0,90,88,68.0,1,10.0,4.0,0,1,0,0,0,0,0,0
DFCE40EB-1261-4733-98CF-3343298748AE,90,100,72.0,0,1.0,4.0,0,0,0,0,1,0,0,0
86A47D39-2E1A-464F-88B5-10983A589679,1,91,27.0,1,10.0,8.0,1,0,0,0,0,0,0,0
1C8A8A09-C300-4D9D-B8C3-6F27255074BF,75,59,35.0,1,10.0,10.0,0,1,0,0,0,0,0,0
01EAB7E7-D5EB-407A-A307-CC8CEF6AB7F0,90,82,65.0,1,10.0,6.0,0,1,0,0,0,0,0,0
FAC03C70-BA99-4C03-A803-D17ABC1A7B00,1,59,62.0,1,10.0,3.0,0,1,0,0,0,0,0,0
798E1840-41F2-4EB3-9779-6B58C94325EA,90,100,55.0,1,10.0,5.0,0,0,0,0,1,0,0,0
B608FAB4-5A64-4B35-A590-4D73A4673EBB,75,90,72.0,0,10.0,3.0,0,1,0,0,0,0,0,0
ED817D3F-C9C7-4FB2-83AB-6C7D806B8BD2,40,78,70.0,1,15.0,9.0,1,0,0,0,0,0,0,0
C73D0E2D-FBF4-4E15-A2CC-7464AA8A6C06,90,56,45.0,1,10.0,9.0,0,0,0,0,1,0,0,0
59A22453-FB78-44C8-BCF1-884D88C17FB1,90,86,31.0,1,10.0,6.0,0,1,0,0,0,0,0,0
81CA0923-A9EC-4B97-ABA7-19D00F059C5C,1,77,59.0,1,10.0,6.0,0,1,0,0,0,0,0,0
A273F270-DE31-45C0-B77F-0EF8DE909861,75,100,72.0,0,10.0,4.0,0,1,0,0,0,0,0,0
7F333C71-DB92-4CB2-B7F5-5FF27D3D6154,90,100,74.0,0,5.0,8.0,0,0,0,0,1,0,0,0
DA3F6F90-2528-4097-87A3-81CD0F0AC912,90,93,57.0,1,9.0,8.0,0,0,0,0,1,0,0,0
740C0FC9-9BDE-49E0-94D2-1E1BD379CD6B,40,88,73.0,0,10.0,5.0,0,0,0,0,1,0,0,0
95866821-B739-4BC4-BEE5-3ED66A4CB859,90,96,68.0,1,2.0,3.0,0,0,0,0,1,0,0,0
371B390D-1910-40C6-8929-CD9C8B5D4962,40,78,70.0,1,15.0,9.0,1,0,0,0,0,0,0,0
9281B889-4105-4CD3-8212-B88FB9347362,20,56,70.0,0,10.0,9.0,0,1,0,0,0,0,0,0
e85cc570-56db-11e7-8cfd-b73548e46803,20,44,80.0,1,10.0,6.0,0,1,0,0,0,0,0,0
AAD0E256-7748-4143-BC71-7114D3ABE78D,1,77,37.0,1,10.0,2.0,1,0,0,0,0,0,0,0
35C1F5CE-F649-4B7C-A111-F7FDFD9A36DC,1,72,70.0,0,10.0,3.0,1,0,0,0,0,0,0,0
F0B10419-941A-4EF7-B2DB-4CC668EEA341,90,100,68.0,1,0.0,2.0,1,0,0,0,0,0,0,0
1D9C6B3D-B3F9-4F11-B1C2-24789DAD423E,1,35,72.0,0,10.0,8.0,1,0,0,0,0,0,0,0
EB150949-D93C-4747-857B-67DB1E53D30C,1,62,91.0,0,10.0,6.0,0,0,0,1,0,0,0,0
6232A15C-A14D-4F6B-BF99-540C8C2CC3C0,40,42,79.0,0,10.0,2.0,0,1,0,0,0,0,0,0
1C68FA64-B69F-48C7-9809-62EC3845F1B8,90,100,66.0,1,2.0,2.0,0,0,0,1,0,0,0,0
54CE0E90-3316-4B56-8907-04E170964F81,75,77,60.0,1,10.0,6.0,0,0,0,0,1,0,0,0
328A2899-E7FF-4D2D-BF13-E096D70FB680,90,100,71.0,0,3.0,2.0,0,0,1,0,0,0,0,0
1ea4f880-487d-11e8-9f1d-0fc4e10eeb97,90,93,52.0,1,3.0,11.0,0,0,0,0,1,0,0,0
64C74CA5-EC53-4257-A247-128FD5E8D7AB,20,46,76.0,0,10.0,12.0,0,1,0,0,0,0,0,0
3c21df80-6981-11e7-9a49-13a7ba58ee27,40,61,80.0,1,10.0,3.0,1,0,0,0,0,0,0,0
E5C77B6D-63CB-41C9-82DD-202007CC62FD,1,55,86.0,1,10.0,10.0,0,1,0,0,0,0,0,0
FA92E6DF-11C9-4366-8CA7-0C265454D241,75,80,29.0,1,10.0,6.0,0,1,0,0,0,0,0,0
5D3BCD1A-30D3-405E-95CA-1338920E3B21,90,72,61.0,0,10.0,11.0,0,0,0,0,1,0,0,0
5B656913-1C14-4213-95E6-ADF9D2662EB3,20,58,67.0,1,10.0,17.0,0,1,0,0,0,0,0,0
800445CF-46DE-44ED-86E3-1A041F6CF9C3,90,74,54.0,1,10.0,5.0,0,0,0,0,1,0,0,0
5BCFAF88-B5E9-4F5F-B11A-E8FCDA9D2650,75,61,80.0,0,10.0,9.0,0,1,0,0,0,0,0,0
10359DDE-8F4D-4A07-9ED7-8F5F8F9896B8,75,69,37.0,1,10.0,9.0,0,1,0,0,0,0,0,0
4BA1090F-F860-4C09-A50C-D28CD01771AB,1,86,30.0,1,10.0,4.0,0,0,0,0,1,0,0,0
4C27ACAB-F733-42F8-BE59-7E6603AAC078,1,48,19.0,1,10.0,18.0,1,0,0,0,0,0,0,0
7BC0BC72-FE1E-47FC-9138-DC9DD7F0B5A2,90,81,53.0,1,8.0,8.0,0,0,0,0,1,0,0,0
2D44F7DD-ADC7-4969-B8AF-AB0F01696F63,75,55,39.0,1,10.0,13.0,0,1,0,0,0,0,0,0
46864a10-5ea9-11e8-b189-3b444d73352a,1,56,72.0,0,10.0,11.0,1,0,0,0,0,0,0,0
BA690580-9BDB-44E1-A368-745C605F431E,90,76,49.0,1,10.0,10.0,0,0,0,0,1,0,0,0
cf1df5b0-7864-11e8-9317-7197d277a846,20,100,65.0,0,2.0,6.0,0,0,0,0,0,0,0,1
B1669B41-3EE0-48C4-9F84-B53F002ED771,5,82,59.0,1,10.0,9.0,1,0,0,0,0,0,0,0
A13C6FC3-25F5-46FC-B8F9-ABAF1C457644,40,45,87.0,0,10.0,13.0,0,1,0,0,0,0,0,0
af693e60-c931-11e7-8638-59b0870a8bdf,1,80,32.0,1,10.0,8.0,0,1,0,0,0,0,0,0
706fd780-5dae-11e7-8e26-f381caef534c,40,54,82.0,1,10.0,8.0,0,1,0,0,0,0,0,0
03B00035-A25A-4590-94F7-090CC9E614D9,1,75,43.0,1,10.0,9.0,0,1,0,0,0,0,0,0
579C9191-6EFB-477C-BBC9-4C534A5E4091,40,61,74.0,0,10.0,4.0,0,0,0,0,1,0,0,0
A6321310-BE0B-40EB-9705-42302F41F2AC,90,100,69.0,1,5.0,4.0,0,0,0,0,1,0,0,0
f9999e20-ebe2-11e7-ba0c-a37cf8f6d6f8,20,43,13.0,1,10.0,22.0,0,1,0,0,0,0,0,0
218690c0-4e1b-11e7-ae62-f93346813335,40,42,84.0,1,10.0,13.0,0,1,0,0,0,0,0,0
569A1F91-7A43-43E2-B7E8-AF1DE38174AD,20,93,62.0,0,10.0,3.0,0,1,0,0,0,0,0,0
E597B679-D1E6-4B93-83BC-7EB0A30118ED,1,18,60.0,0,10.0,3.0,1,0,0,0,0,0,0,0
9067ca20-723e-11e8-a5e0-89e353729831,1,34,79.0,0,10.0,3.0,1,0,0,0,0,0,0,0
03567C18-EC38-4A51-AD35-65D8ADACF0EF,90,87,55.0,1,10.0,4.0,0,1,0,0,0,0,0,0
E7196991-1A2B-40C3-857B-00A076505AD6,1,87,51.0,0,10.0,4.0,0,0,1,0,0,0,0,0
85C14D58-DDBF-4B0A-909A-E271DA45ED8F,1,100,26.0,1,10.0,7.0,1,0,0,0,0,0,0,0
FA578D86-0AE3-4679-B098-AF5B52872054,1,33,83.0,1,10.0,10.0,1,0,0,0,0,0,0,0
AC20527B-7645-4511-80C6-F21B625887B0,75,88,78.0,0,10.0,9.0,0,0,0,0,1,0,0,0
DD208A8A-4D95-4B70-9103-537DEEBF58F7,75,72,68.0,1,10.0,11.0,0,1,0,0,0,0,0,0
E21F88EF-3B6C-4732-A1E1-3186CC07B369,75,14,87.0,0,10.0,20.0,0,1,0,0,0,0,0,0
8FA36E55-492A-4FCF-8B78-9A35CBA344CC,1,41,41.0,1,10.0,9.0,0,1,0,0,0,0,0,0
B28636C7-C3ED-4C13-B93D-8AB28F8B5370,90,93,65.0,0,9.0,3.0,0,0,0,0,1,0,0,0
344900A9-BA4E-443C-9ACD-83D71D5279D7,1,29,23.0,1,10.0,17.0,1,0,0,0,0,0,0,0
F3ABEEB7-83F5-4EB7-B4E6-C6DA14478C3A,20,50,68.0,0,10.0,13.0,0,1,0,0,0,0,0,0
94BF119B-D87E-45E3-9222-A3A60B747128,1,69,72.0,0,10.0,8.0,1,0,0,0,0,0,0,0
DEDC4F96-223E-42D8-8C5D-D1A71349E571,90,88,77.0,0,7.0,8.0,0,0,0,0,1,0,0,0
21BF185D-5D6F-4DBC-8F05-A21C60661D13,20,47,75.0,0,20.0,9.0,0,1,0,0,0,0,0,0
EA73B513-95DD-4912-B1DB-3DCA273E7FF3,90,100,56.0,1,3.0,3.0,0,1,0,0,0,0,0,0
90DE13FB-6381-4866-84FB-EB9881A17630,20,60,70.0,1,10.0,9.0,0,1,0,0,0,0,0,0
8e885260-2919-11e8-8935-dd3ce7aea6d7,75,80,32.0,1,15.0,11.0,0,0,0,0,0,0,1,0
319B435A-6B0D-43AD-8221-B3F6FC1283BC,90,100,65.0,1,1.0,4.0,0,0,0,0,1,0,0,0
4874D1A0-CC1F-404D-AA82-DAAD872D6E4E,75,87,72.0,1,10.0,9.0,0,0,0,0,1,0,0,0
8BD8D398-CC02-45D6-84D2-31440280173F,75,60,71.0,0,20.0,5.0,0,1,0,0,0,0,0,0
566D7EEE-66FF-466E-A014-8C7E90A93222,40,60,66.0,1,10.0,6.0,0,0,0,0,1,0,0,0
35601089-9B95-4896-9D92-4460A2631AA1,90,81,53.0,1,8.0,8.0,0,0,0,0,1,0,0,0
7BF917FB-407C-48D6-B3D0-A2801C5263CC,90,100,71.0,0,0.0,2.0,0,0,1,0,0,0,0,0
99ba1080-f221-11e7-99cb-c3cfe3431597,20,50,8.0,1,10.0,25.0,0,1,0,0,0,0,0,0
570ECB39-D646-4FB7-9ECD-CB1F19C9204F,1,62,63.0,1,10.0,11.0,1,0,0,0,0,0,0,0
4D712291-C08D-4573-9C02-E0986ED1A7B7,1,37,52.0,1,10.0,5.0,1,0,0,0,0,0,0,0
FA5CA1FF-0F43-40E2-AB3E-4EBE2AB3D111,1,50,77.0,0,10.0,6.0,1,0,0,0,0,0,0,0
4AB5A0AD-A3FD-4838-A8C3-67A09923F9F8,75,75,41.0,1,10.0,5.0,0,0,0,0,1,0,0,0
105B7B0D-95E7-4304-BD58-D99A18836384,40,55,90.0,0,10.0,5.0,0,0,0,0,0,0,0,1
3B317F4C-239A-4773-A428-0404846FEC60,90,70,65.0,1,10.0,3.0,0,1,0,0,0,0,0,0
807D4D0C-99D2-440D-8DC8-4205A765375D,1,38,74.0,0,10.0,9.0,1,0,0,0,0,0,0,0
089b4cf0-0db4-11e8-85a5-7b68377429cd,75,54,29.0,1,10.0,6.0,0,0,0,0,0,0,1,0
D95A279C-32EF-4885-BF2E-1D4A0DD373F6,90,58,55.0,1,10.0,10.0,1,0,0,0,0,0,0,0
0ae247a0-3e44-11e8-a931-09b27e85cab9,40,69,39.0,1,10.0,5.0,0,0,0,0,1,0,0,0
EF9619CB-BE9C-4B9A-99FA-A3E7882100CD,90,87,54.0,1,10.0,9.0,0,0,0,0,1,0,0,0
45696f90-5e81-11e8-a6c5-29e8b9c17254,75,100,60.0,0,3.0,3.0,0,0,0,0,1,0,0,0
27FF42E7-B2A3-4D14-AFCA-18F36FB7281A,90,84,71.0,1,10.0,4.0,0,0,0,0,1,0,0,0
FCC0CDE1-AD26-45BE-9C0A-3C2B05F88953,1,71,53.0,1,10.0,6.0,0,0,1,0,0,0,0,0
307E13F1-0A98-4266-AD3B-645D27646174,90,93,62.0,1,10.0,4.0,0,1,0,0,0,0,0,0
1570f840-29d8-11e8-af7d-07b3f62c816b,1,53,26.0,1,10.0,7.0,1,0,0,0,0,0,0,0
f7bbe250-64d4-11e8-b9fa-c5edf29718b7,75,82,65.0,0,10.0,7.0,0,0,0,0,1,0,0,0
8B18091D-3011-44DC-A371-32B51A5CFE8A,1,83,65.0,0,9.0,4.0,0,0,1,0,0,0,0,0
F2468B56-F2B7-4953-BF47-FD6597C7AE0E,40,76,70.0,1,10.0,10.0,0,1,0,0,0,0,0,0
13FC4D40-FD2F-43F4-ABD8-BBBCFD3859D8,75,71,56.0,1,10.0,5.0,0,0,0,0,1,0,0,0
60982040-b73d-11e7-885e-55d0e7cc0ef0,1,40,66.0,1,10.0,6.0,1,0,0,0,0,0,0,0
DDB60372-915B-4B65-8886-A050ACFD1194,20,31,89.0,1,10.0,4.0,1,0,0,0,0,0,0,0
05152F4B-E99D-4BEC-88DD-3D4DB12E8A98,20,44,41.0,1,10.0,8.0,0,1,0,0,0,0,0,0
63473390-9955-11e7-aab1-9b08c52561c7,75,88,71.0,1,2.0,3.0,0,0,0,0,1,0,0,0
7cd4c410-6fc1-11e8-a688-1dee7bbf2a66,1,72,66.0,0,10.0,6.0,1,0,0,0,0,0,0,0
0D961A90-E453-4F9D-8DFF-2BB48D0033F6,90,100,34.0,1,0.0,1.0,0,1,0,0,0,0,0,0
51ED2889-CE87-40E8-BB20-CE8F711891EB,20,40,72.0,0,10.0,3.0,0,1,0,0,0,0,0,0
5B612FF5-0ABA-46DF-BFA6-6B18E9416A06,75,45,40.0,1,10.0,17.0,1,0,0,0,0,0,0,0
C9E72B86-03B2-4D0F-89BF-5B1B752B8A11,1,36,75.0,1,10.0,17.0,1,0,0,0,0,0,0,0
dafbf190-c084-11e7-9e5f-af697887e27f,1,100,59.0,1,2.0,4.0,0,1,0,0,0,0,0,0
C2DE2BC5-4970-4823-B24F-AA967B96BBD7,75,88,73.0,0,10.0,5.0,0,1,0,0,0,0,0,0
09D84E39-807C-4FFD-9D90-A99C3C6B8547,90,88,63.0,0,3.0,3.0,0,0,1,0,0,0,0,0
1E8A0181-D13B-469B-AA49-DA16EFF6C227,1,33,73.0,0,10.0,9.0,1,0,0,0,0,0,0,0
1e921860-bef7-11e7-8d6e-8fcb78566a93,1,74,37.0,1,10.0,2.0,0,1,0,0,0,0,0,0
1EFFD4B4-D05B-4813-A73B-476B19F5BC88,90,96,63.0,0,0.0,3.0,0,0,1,0,0,0,0,0
e6f43cc0-805d-11e8-8569-11e7df984271,40,69,80.0,0,10.0,9.0,0,0,0,0,1,0,0,0
C1E16B18-8396-4031-A312-22C70D405C6C,75,80,39.0,0,10.0,12.0,0,1,0,0,0,0,0,0
890AB6D3-2F8C-4BBD-87A2-47E397594574,1,46,73.0,1,10.0,6.0,0,1,0,0,0,0,0,0
3471113F-C67E-4EBB-BC52-E6E770266B90,1,43,81.0,0,10.0,6.0,1,0,0,0,0,0,0,0
E8DC9365-C02F-4744-ADAA-A276B67CC046,1,61,77.0,1,10.0,6.0,0,1,0,0,0,0,0,0
78C2C6F4-EBCA-443D-97F4-B1B3D41686EB,90,93,56.0,1,7.0,6.0,0,0,0,0,1,0,0,0
C964EB48-0DDD-4C04-BE86-5AB791A7B4D7,1,34,81.0,0,10.0,5.0,1,0,0,0,0,0,0,0
2CDAE86D-C2BE-469E-BBE8-89BE8E754593,75,68,69.0,1,20.0,5.0,0,1,0,0,0,0,0,0
5552FA54-EF11-4888-977E-1B88A0B62E77,20,94,71.0,1,5.0,3.0,0,1,0,0,0,0,0,0
9F65D7E0-AC5C-48B0-8A8A-592629624832,1,61,78.0,0,10.0,4.0,1,0,0,0,0,0,0,0
5089682B-006B-4296-8498-3DBA3655870B,75,78,76.0,1,10.0,12.0,0,1,0,0,0,0,0,0
B7C11EAA-0A1A-4DDE-88E4-57CE7A508773,90,87,71.0,1,7.0,4.0,0,0,0,0,1,0,0,0
85042460-f47d-11e7-9a4c-2fac86b77a42,1,53,19.0,1,10.0,8.0,0,1,0,0,0,0,0,0
6C93B436-7C6E-4562-ACF5-AB60E674FB19,90,56,38.0,1,10.0,13.0,0,1,0,0,0,0,0,0
3AD7FABB-14E9-4E7B-88E7-4B8F5CE8AA83,32,48,68.0,0,0.0,3.0,0,1,0,0,0,0,0,0
06A0C4DB-A739-44A7-9D36-08317CE1ECD3,75,87,55.0,1,10.0,10.0,0,0,0,0,1,0,0,0
1060A01C-5921-47F7-B539-1265F1DEE19A,40,100,67.0,1,10.0,3.0,0,0,1,0,0,0,0,0
4B187167-6236-4DBA-9177-9E9C7694E418,75,86,41.0,1,9.0,5.0,0,0,0,0,1,0,0,0
6C1A70C4-2C67-4A1F-8046-79121803B0BC,75,81,50.0,1,10.0,9.0,0,1,0,0,0,0,0,0
84F56CC0-53DA-4CFF-93BD-99CDAE2BC696,75,55,35.0,1,10.0,11.0,0,1,0,0,0,0,0,0
FE005606-4E10-4F3B-8588-E6B0B8DE54EC,75,64,73.0,0,10.0,5.0,0,0,0,0,1,0,0,0
4D8F639F-B2BC-4F12-AE32-03EBBDABD9BE,1,51,83.0,0,10.0,9.0,0,0,0,0,1,0,0,0
C090D841-AB30-4F26-98C0-AFE83BDC3295,1,44,74.0,0,10.0,5.0,1,0,0,0,0,0,0,0
801a7290-ad08-11e7-b2ad-29522b26e64b,90,88,73.0,1,5.0,11.0,0,0,0,0,1,0,0,0
FFB69BDF-D8CC-4E12-A944-3AC7FB582383,1,45,81.0,0,10.0,3.0,1,0,0,0,0,0,0,0
B0E4BE1D-A924-4E77-B695-F2EA9B7CEBC9,90,90,66.0,1,6.0,8.0,0,0,0,0,1,0,0,0
8AC4DE2F-6FF9-42FF-9FAB-1801EA629C56,1,55,62.0,1,10.0,6.0,1,0,0,0,0,0,0,0
3747FCE1-834A-49C5-8AE9-7A94FF524AEA,90,77,66.0,1,5.0,3.0,1,0,0,0,0,0,0,0
751E1816-1F20-4A54-8188-D89DB8B98064,90,81,53.0,1,8.0,8.0,0,0,0,0,1,0,0,0
3AB3093B-1DCB-4747-90C2-E0FD074D3ED0,75,74,37.0,1,9.0,5.0,0,1,0,0,0,0,0,0
45FD33B6-80FC-4126-A249-3970DE758431,1,86,56.0,1,10.0,13.0,1,0,0,0,0,0,0,0
8713E80D-9184-49E7-A023-4B36AAA9F351,1,64,36.0,1,10.0,5.0,0,1,0,0,0,0,0,0
04b593d0-5dd7-11e7-8932-b96748e46eb9,75,66,87.0,1,15.0,6.0,0,1,0,0,0,0,0,0
E8CFE1D7-2CC6-47A2-885E-B954C62038CF,92,95,60.0,1,0.0,2.0,0,1,0,0,0,0,0,0
1A9E11C6-8F6C-4C13-8430-CA708FC0A655,90,87,55.0,1,5.0,8.0,0,1,0,0,0,0,0,0
c138bf30-3ff1-11e8-87f1-bb394738a7ce,1,48,64.0,0,10.0,6.0,1,0,0,0,0,0,0,0
429B0929-5DF7-4BBB-83B5-AF5447E15807,90,43,65.0,1,10.0,9.0,0,0,0,0,1,0,0,0
AF333F70-B40F-45DC-983A-E004C8A80DA4,1,51,83.0,0,10.0,9.0,0,0,0,0,1,0,0,0
E75AE9BB-887E-4569-ADDF-3BC069B294FC,1,49,69.0,1,10.0,9.0,1,0,0,0,0,0,0,0
4CC5B833-0C3B-4BC0-9372-D5917C37CD34,90,93,66.0,0,1.0,4.0,0,0,0,0,1,0,0,0
7FEF1753-787B-4273-A9F6-8C7E6E5B8A87,75,77,61.0,1,10.0,3.0,0,1,0,0,0,0,0,0
82ABF8F8-037E-45F6-BC6B-B45F9BE57DC6,20,75,55.0,0,10.0,3.0,0,0,0,1,0,0,0,0
ac39c200-6086-11e7-be36-e17cbde4202e,90,94,61.0,0,10.0,5.0,0,1,0,0,0,0,0,0
1BA74319-C4BB-4BB8-870F-DB8088DEFC95,90,81,53.0,1,8.0,8.0,0,0,0,0,1,0,0,0
FD54DC94-1015-4989-840A-5EF354405913,90,73,69.0,1,20.0,11.0,1,0,0,0,0,0,0,0
02D5E57C-37AA-401A-9428-1F3A8DC44664,90,93,55.0,0,4.0,5.0,0,0,0,0,1,0,0,0
B4373A90-AEF0-4E64-BC79-6977492DB008,40,58,55.0,1,10.0,9.0,1,0,0,0,0,0,0,0
5d925800-ee6c-11e7-bf44-8ba7144802f5,75,47,14.0,1,10.0,18.0,1,0,0,0,0,0,0,0
E7323835-BFED-4B8F-8077-4453814BE570,90,71,50.0,1,10.0,3.0,0,0,0,0,1,0,0,0
0C10CF0C-CF5E-4A58-8927-02E5898B6494,1,76,55.0,0,10.0,3.0,1,0,0,0,0,0,0,0
e73502a0-1bbd-11e8-92ce-7bf5d28e1d04,1,47,31.0,1,10.0,4.0,1,0,0,0,0,0,0,0
59FD12AD-AE41-4D15-92E1-A40183C328FD,1,72,62.0,0,10.0,3.0,0,0,0,0,1,0,0,0
332E43CE-51A2-4061-A887-D5B439457426,20,94,73.0,0,20.0,3.0,0,0,0,0,1,0,0,0
584936e0-2e98-11e8-a70d-6df1e1b07e15,1,55,34.0,1,10.0,4.0,1,0,0,0,0,0,0,0
F9BF1FBB-65E4-4306-BE7A-61086AA2418C,1,31,89.0,0,10.0,8.0,1,0,0,0,0,0,0,0
64E93CE7-47D6-4E59-9A8B-9458C462B33A,90,87,53.0,1,10.0,4.0,0,0,0,0,1,0,0,0
4EBFBC8D-A692-4981-BC3A-AD90A3CC1AF0,1,100,68.0,0,10.0,4.0,1,0,0,0,0,0,0,0
C07AE7BF-7B73-438F-BFFD-70D9C0C9F725,1,45,84.0,0,10.0,6.0,1,0,0,0,0,0,0,0
A4C552F0-2942-4DA2-B50D-8F8B9BB52091,20,50,68.0,1,10.0,13.0,0,1,0,0,0,0,0,0
E9DAC7B0-B372-4152-924F-87F245E7BB0B,90,63,63.0,0,10.0,8.0,0,1,0,0,0,0,0,0
41F4347E-6316-4428-850A-1111CAE1065F,1,77,56.0,1,10.0,8.0,1,0,0,0,0,0,0,0
C8EED263-4F50-47A1-8E3D-55909FD468D7,90,59,65.0,1,8.0,5.0,0,1,0,0,0,0,0,0
707B5433-C03B-4B0E-B84E-7C9FD70F9221,1,93,62.0,0,10.0,5.0,1,0,0,0,0,0,0,0
cbebf5b0-6ad0-11e7-908f-4b064f587a76,1,87,56.0,0,10.0,6.0,0,1,0,0,0,0,0,0
1CB92B53-627E-4101-B133-9BF5DEB128EF,75,100,52.0,0,3.0,2.0,0,0,1,0,0,0,0,0
6E0E7DE6-78E6-436C-86F6-187AE6EFB4C9,40,23,97.0,1,10.0,8.0,0,1,0,0,0,0,0,0
EA7A7413-104F-483F-A8FD-C9189B6643FA,90,93,39.0,1,1.0,16.0,0,0,0,0,1,0,0,0
0C8363C6-56A4-4C07-B24F-5FC0D1F28113,1,100,40.0,1,7.0,4.0,1,0,0,0,0,0,0,0
39E0D631-7450-4BC1-B74A-C11459CC9262,90,100,45.0,1,1.0,3.0,0,0,0,0,1,0,0,0
A3051B47-6B83-4D23-9D3D-2386646702A2,90,88,65.0,1,10.0,4.0,0,1,0,0,0,0,0,0
10E4307E-7EC2-45F0-84A3-E34CCC44A638,75,61,80.0,0,10.0,9.0,0,1,0,0,0,0,0,0
53BD4AE5-CAD6-4706-8959-873CA7D50CCA,90,93,65.0,1,0.0,3.0,0,1,0,0,0,0,0,0
D8E97E52-955E-45BB-87E8-C7DA272C7432,1,71,49.0,1,10.0,3.0,0,1,0,0,0,0,0,0
FCF63DE9-F8CD-419D-9BB9-9AA04A720B00,1,100,66.0,1,2.0,1.0,1,0,0,0,0,0,0,0
B13B4FE6-9A84-4FEA-B0F7-335C61620597,40,67,61.0,0,20.0,9.0,0,0,0,0,1,0,0,0
A319DCFA-5386-4A28-8C83-8A4DB79C9FD6,40,59,90.0,0,10.0,9.0,0,0,0,0,0,0,0,1
02B77483-DBB2-42E8-A949-3F5F2A436F22,1,69,73.0,1,10.0,8.0,1,0,0,0,0,0,0,0
1CAB7C8B-2CA7-430E-9B8A-F940D667AACF,20,64,71.0,0,10.0,4.0,0,1,0,0,0,0,0,0
258B5485-812C-4EA4-9389-5EDEB13312A4,75,88,76.0,0,10.0,3.0,0,0,0,1,0,0,0,0
905A696F-E73A-4DF0-8E86-19B120DC2EE7,20,56,70.0,0,10.0,9.0,0,1,0,0,0,0,0,0
99571BC1-E853-475C-904F-E49576962E80,75,83,69.0,1,9.0,5.0,0,0,0,0,1,0,0,0
492C5480-471F-4F93-91B6-5019E899EA0B,75,94,72.0,0,7.0,2.0,0,0,0,0,1,0,0,0
C87E7AE9-15E3-4E17-89A7-E81EFBE053DB,75,93,43.0,1,1.0,3.0,0,0,0,0,1,0,0,0
8AB3350D-A22E-4BED-9565-DABCC72D9FAF,75,65,76.0,0,10.0,9.0,0,1,0,0,0,0,0,0
C8164FB1-DFA9-4DD0-88F9-CEBF156FCF38,40,40,72.0,0,10.0,5.0,0,1,0,0,0,0,0,0
305E1814-AFEE-446B-A7C4-39806CE9671D,90,96,68.0,1,10.0,5.0,0,0,0,0,1,0,0,0
9796FA8F-B60C-4BBD-8E94-5FEC058F8F7F,92,95,60.0,1,0.0,2.0,0,1,0,0,0,0,0,0
27E9D393-CB21-4D52-BDB4-FE0920A618D8,90,45,63.0,0,10.0,13.0,0,1,0,0,0,0,0,0
B7E80436-C647-4C53-94DC-676C17B8BD4F,1,26,66.0,1,10.0,5.0,1,0,0,0,0,0,0,0
7D1A7A98-0FB6-465E-9D00-7C0F387E8952,75,50,33.0,1,9.0,12.0,1,0,0,0,0,0,0,0
68F4BF4B-11B8-485D-AC58-3F131C14F527,20,41,76.0,0,10.0,9.0,0,1,0,0,0,0,0,0
E26D6FEF-D322-4D04-BED4-55FA6A89E0A4,90,93,57.0,1,3.0,8.0,0,0,0,0,1,0,0,0
2C74454D-280F-41FD-B815-C452BEE9A330,75,58,81.0,1,10.0,8.0,1,0,0,0,0,0,0,0
66CE37DA-11EA-486B-9633-59512856569A,20,100,77.0,0,6.0,3.0,0,0,1,0,0,0,0,0
A30E41C8-39DB-4E36-A1C2-FF161E6496EC,20,88,66.0,0,10.0,5.0,0,1,0,0,0,0,0,0
F2EB16F2-9D87-475B-AA9C-41E210C0F57B,90,100,56.0,1,3.0,3.0,0,1,0,0,0,0,0,0
1B9DEEC8-F84D-4914-A202-4012CA1AF82E,1,51,83.0,0,10.0,9.0,0,0,0,0,1,0,0,0
615C478C-774C-4255-A39D-5629DFE43311,1,76,56.0,1,10.0,3.0,1,0,0,0,0,0,0,0
C36D9888-3CFC-49EC-BDB9-D6474E1B28A9,75,14,87.0,0,10.0,20.0,0,1,0,0,0,0,0,0
7C4285DD-3D65-4030-B40F-F238C5D4657A,1,65,44.0,1,10.0,5.0,1,0,0,0,0,0,0,0
81d178e0-c176-11e7-9981-bfb7b384f71e,1,46,50.0,1,10.0,7.0,1,0,0,0,0,0,0,0
838d0b10-6ad0-11e7-908f-4b064f587a76,1,87,56.0,0,10.0,6.0,0,1,0,0,0,0,0,0
0230E916-2DDC-4721-AC51-441FD7A60F39,90,100,56.0,1,3.0,3.0,0,1,0,0,0,0,0,0
72d88550-3f56-11e8-bade-6f4fdb9ae9d9,1,27,78.0,0,10.0,13.0,1,0,0,0,0,0,0,0
2A429A89-2491-4082-9622-D06E370D091A,20,46,75.0,0,10.0,11.0,0,1,0,0,0,0,0,0
6BD45ED7-0000-4B71-84CD-DFADEED22B16,90,89,60.0,1,6.0,5.0,0,0,0,0,1,0,0,0
4809FB87-BEC6-48C6-AD20-041CCEE64B49,1,26,56.0,1,10.0,12.0,1,0,0,0,0,0,0,0
19ABE3BD-BA48-4000-985D-BD670F93EFAF,1,31,90.0,1,10.0,9.0,0,1,0,0,0,0,0,0
0F40BCD2-E92E-4742-9F72-5FBF2D774481,20,50,68.0,1,10.0,13.0,0,1,0,0,0,0,0,0
DC35056C-C398-4949-AA6C-BFE4BCD24121,1,78,77.0,0,10.0,4.0,0,0,0,0,1,0,0,0
1676D99B-FC5C-4771-8C66-52E848B5F0B3,90,53,69.0,1,10.0,5.0,0,1,0,0,0,0,0,0
ECD55B48-F4BA-4749-ACB9-D08A842EDC2C,75,74,81.0,0,10.0,4.0,0,0,0,0,1,0,0,0
87e43cf0-f609-11e7-b16f-115381e4fd76,1,85,19.0,1,10.0,3.0,1,0,0,0,0,0,0,0
D38D0C9F-3863-445D-A7D2-5807208D4531,90,93,57.0,1,4.0,3.0,0,0,0,0,1,0,0,0
BB55A473-B5CC-44EC-ABBD-70998CF37D9C,75,14,87.0,0,10.0,20.0,0,1,0,0,0,0,0,0
673D1E89-CC5E-4214-85E3-172329D209EF,1,78,74.0,0,10.0,3.0,0,0,0,0,1,0,0,0
A4E5723F-7AD0-48E6-9F1A-E13A23F8810A,75,83,80.0,1,7.0,10.0,0,1,0,0,0,0,0,0
6774D2D4-2AF5-4A3E-A597-E8E26858C708,1,43,67.0,0,10.0,6.0,1,0,0,0,0,0,0,0
C69532FE-0F0D-424D-960D-5E0101724359,90,100,61.0,0,1.0,3.0,0,0,0,0,1,0,0,0
8194B26D-54C6-4CB8-A6FF-8B1B55AB8613,90,77,67.0,1,7.0,7.0,0,0,0,0,1,0,0,0
33E1EA17-7CD3-4744-835E-F592B8C34004,90,93,62.0,1,10.0,4.0,0,0,0,0,1,0,0,0
0E8DE438-6A94-4AE6-A61F-FBC044C16284,1,45,84.0,0,10.0,13.0,0,0,0,0,0,1,0,0
C5BBEC9A-805F-4691-850C-F078E79E384F,40,84,72.0,1,10.0,5.0,0,0,0,0,1,0,0,0
B3026E08-0066-43B0-8732-00836BD2BBC7,75,14,87.0,0,10.0,20.0,0,1,0,0,0,0,0,0
ad7c5b70-ddca-11e7-945a-d76d3781ada1,1,59,34.0,1,10.0,9.0,0,1,0,0,0,0,0,0
1DC4BEF2-664B-45F7-B6A5-2C6B51B41FEF,75,76,50.0,0,10.0,6.0,0,0,0,0,1,0,0,0
EDEE9208-A97E-4A5E-B3EB-0F192911A7C2,75,88,71.0,0,10.0,3.0,0,0,1,0,0,0,0,0
ACDC3A44-98D2-47CA-A0E5-04E899BCEDB3,90,81,52.0,0,10.0,6.0,0,0,0,0,1,0,0,0
8974C50B-D95D-4AF3-AD24-08ACC596E7FF,75,100,65.0,0,10.0,3.0,0,1,0,0,0,0,0,0
729EF3FA-2BBD-4CA4-9A0B-6AF2668FB267,1,88,74.0,0,10.0,3.0,0,0,0,0,1,0,0,0
2B27C21D-AADE-4E37-8942-2A5C68720A0D,90,100,69.0,0,2.0,3.0,0,0,0,0,1,0,0,0
23672B38-81FD-4FEA-8C75-68D0E59E89DC,75,93,51.0,1,8.0,12.0,0,0,0,0,1,0,0,0
55D67E58-555C-43D6-AAB4-B1A478EC1DCE,90,96,69.0,1,0.0,2.0,0,0,0,0,1,0,0,0
E9A2A4D8-4605-48EF-B3E3-E3887F781EA0,90,90,71.0,1,10.0,3.0,0,0,0,0,1,0,0,0
78353461-8A33-4E33-83AD-5EF9556F96D3,40,45,45.0,1,10.0,17.0,1,0,0,0,0,0,0,0
d5030160-56db-11e7-8cfd-b73548e46803,20,44,80.0,1,10.0,6.0,0,1,0,0,0,0,0,0
8135D5CC-52C0-4AD8-8ECB-F1D7B28156AC,20,63,59.0,1,10.0,5.0,0,1,0,0,0,0,0,0
6E437CFC-581F-4397-BD53-97E15F1F4538,1,39,81.0,0,10.0,4.0,1,0,0,0,0,0,0,0
D420E8A3-1EA3-48F5-9EAA-EE955CBFA16C,1,47,81.0,1,10.0,6.0,1,0,0,0,0,0,0,0
C16F1D68-D49F-4A7E-AC66-98B1348DF6CC,1,51,83.0,0,10.0,9.0,0,0,0,0,1,0,0,0
0002422D-0E64-4C5D-AE91-1C5E162C95B2,90,93,68.0,1,1.0,4.0,0,0,0,0,1,0,0,0
A9994870-BCB6-4785-9095-32D7A20E136B,1,68,75.0,0,10.0,2.0,1,0,0,0,0,0,0,0
ABCB00D6-2DE6-4F72-8808-8A61B6B53F5F,90,100,71.0,0,0.0,2.0,0,0,1,0,0,0,0,0
467317B5-A158-4831-99A7-08AA505E04B5,1,100,31.0,1,3.0,5.0,0,1,0,0,0,0,0,0
F23C419A-80CB-4BCE-A5B1-93C2DBB9708D,90,81,53.0,1,8.0,8.0,0,0,0,0,1,0,0,0
B601D729-5362-43F6-9802-2C5C889B98CD,40,59,90.0,1,10.0,9.0,0,0,0,0,0,0,0,1
8575BFB6-9CA6-4D0E-8405-5099766A6C7C,90,81,51.0,1,10.0,3.0,0,0,0,0,1,0,0,0
c1a03050-4804-11e8-9acf-21f8f0f4df92,20,44,61.0,0,10.0,9.0,0,1,0,0,0,0,0,0
0A7AAD40-E2E0-48D4-A59D-C435744663BD,20,35,73.0,0,10.0,5.0,0,1,0,0,0,0,0,0
900F404C-3835-41B2-85AD-306C3D4E1DD8,90,70,41.0,1,10.0,14.0,0,0,0,0,1,0,0,0
FE861E86-0FFF-4943-A646-EBB4AC502F59,75,83,82.0,0,10.0,12.0,0,1,0,0,0,0,0,0
555448A2-7449-40CF-A441-9E8825A0BB6B,1,36,74.0,0,10.0,4.0,1,0,0,0,0,0,0,0
2481a8c0-2479-11e8-8ad2-33da2d7e6711,90,51,35.0,1,10.0,17.0,0,1,0,0,0,0,0,0
7770125B-DEFE-4594-9E45-3522D8AE852A,90,96,55.0,1,4.0,9.0,0,0,0,0,1,0,0,0
E2125D93-B18C-4F1E-AC51-D1F76A803DBD,1,51,83.0,0,10.0,9.0,0,0,0,0,1,0,0,0
